Z,A,EC_Halflife(s)
9,17,2300.50635
9,18,14101.64160
10,18,3145.61792
10,19,48.41077
11,19,0.12331
11,20,0.09562
11,21,61.32870
11,22,669.15558
12,20,0.40727
12,21,0.03219
12,22,89.96592
12,23,29.80786
13,21,0.04371
13,22,0.02219
13,23,0.10295
13,24,0.18547
13,25,24.08537
13,26,75.75934
14,22,0.05124
14,23,0.01511
14,24,0.28163
14,25,0.03666
14,26,41.09111
14,27,21.14724
15,23,0.01889
15,24,0.00498
15,25,0.02725
15,26,0.01160
15,27,0.12588
15,28,0.18803
15,29,8.42215
15,30,29.89479
16,24,0.01054
16,25,0.00301
16,26,0.07318
16,27,0.00800
16,28,0.27296
16,29,0.04488
16,30,12.30903
16,31,10.05417
17,25,0.00137
17,26,0.00073
17,27,0.00446
17,28,0.00397
17,29,0.01844
17,30,0.02041
17,31,0.14598
17,32,0.21666
17,33,26.95040
17,34,424.96909
17,36,1549475.50000
18,27,0.00081
18,28,0.00642
18,29,0.00232
18,30,0.03686
18,31,0.00844
18,32,0.23860
18,33,0.07669
18,34,11.13569
18,35,6.67907
18,37,269338.96875
19,29,0.00120
19,30,0.00098
19,31,0.00399
19,32,0.00353
19,33,0.03628
19,34,0.02122
19,35,0.17416
19,36,0.19907
19,37,4.23946
19,38,18.97163
19,40,6931471872.00000
20,30,0.00150
20,31,0.00084
20,32,0.00695
20,33,0.00195
20,34,0.06289
20,35,0.01580
20,36,0.30077
20,37,0.15796
20,38,3.12753
20,39,1.52964
20,41,62979808.00000
21,32,0.00061
21,33,0.00484
21,34,0.00134
21,35,0.01541
21,36,0.00709
21,37,0.04160
21,38,0.03131
21,39,0.06123
21,40,0.07326
21,41,0.99366
21,42,1.59528
21,43,896.46130
21,44,128.69910
21,46,6931471872.00000
22,34,0.00298
22,35,0.00069
22,36,0.01882
22,37,0.00744
22,38,0.06905
22,39,0.01793
22,40,0.29303
22,41,0.09270
22,42,1.74148
22,43,2.22213
22,44,3619231744.00000
22,45,4868.72461
23,36,0.00068
23,37,0.00575
23,38,0.00347
23,39,0.01057
23,40,0.00566
23,41,0.02154
23,42,0.02579
23,43,0.06138
23,44,0.04847
23,45,0.77943
23,46,4.79586
23,47,468.43393
23,48,262.40732
23,49,1608843.00000
23,50,6931471872.00000
24,38,0.00440
24,39,0.00268
24,40,0.01130
24,41,0.00635
24,42,0.04533
24,43,0.02351
24,44,0.11145
24,45,0.05803
24,46,1.05752
24,47,1.21245
24,48,77364.89844
24,49,1136.22437
24,51,595541.75000
25,40,0.00185
25,41,0.00464
25,42,0.00305
25,43,0.01106
25,44,0.00911
25,45,0.02012
25,46,0.02372
25,47,0.06823
25,48,0.10157
25,49,1.05329
25,50,2.92141
25,51,368.61346
25,52,313.63629
25,53,3157827.50000
25,54,6931471872.00000
26,42,0.00394
26,43,0.00294
26,44,0.01186
26,45,0.00618
26,46,0.02269
26,47,0.02130
26,48,0.10199
26,49,0.06336
26,50,1.03712
26,51,0.95692
26,52,13954.88184
26,53,74.70498
26,55,533036672.00000
27,44,0.00234
27,45,0.00447
27,46,0.00285
27,47,0.00852
27,48,0.00956
27,49,0.02735
27,50,0.03370
27,51,0.06913
27,52,0.09541
27,53,1.47601
27,54,3.86340
27,55,495.44647
27,56,634045.56250
27,57,6931471872.00000
27,58,6931471872.00000
28,46,0.00362
28,47,0.00402
28,48,0.00732
28,49,0.00738
28,50,0.02153
28,51,0.02097
28,52,0.21753
28,53,0.07434
28,54,0.49027
28,55,0.70494
28,56,43063.72266
28,57,994.85730
28,59,224995.34375
29,48,0.00199
29,49,0.00500
29,50,0.00329
29,51,0.00812
29,52,0.00685
29,53,0.01590
29,54,0.01640
29,55,0.04975
29,56,0.04709
29,57,0.30703
29,58,0.57022
29,59,20.51682
29,60,19.60195
29,61,6408.21582
29,62,7160.64209
29,64,138774.78125
30,51,0.00284
30,52,0.01051
30,53,0.00399
30,54,0.02183
30,55,0.01363
30,56,0.08857
30,57,0.05255
30,58,0.52395
30,59,0.62626
30,60,150.22391
30,61,14.44137
30,62,55888.85156
30,63,1300.59192
30,65,148407.32812
31,53,0.00465
31,54,0.00235
31,55,0.00701
31,56,0.00709
31,57,0.01326
31,58,0.01378
31,59,0.04802
31,60,0.05794
31,61,0.35850
31,62,0.66656
31,63,7.17261
31,64,18.03086
31,65,508.04294
31,66,17524.13477
31,67,184004.34375
31,68,2324.96289
31,70,6931471872.00000
32,55,0.00194
32,56,0.00937
32,57,0.00614
32,58,0.02821
32,59,0.01442
32,60,0.10627
32,61,0.05588
32,62,0.60052
32,63,0.37266
32,64,64.53175
32,65,10.62224
32,66,16802.86719
32,67,497.26819
32,68,6931471872.00000
32,69,8960.68848
32,71,6931471872.00000
33,57,0.00248
33,58,0.00221
33,59,0.00754
33,60,0.00765
33,61,0.02679
33,62,0.02202
33,63,0.08615
33,64,0.06647
33,65,0.64347
33,66,1.77949
33,67,10.80427
33,68,34.80407
33,69,206.33691
33,70,22.82519
33,71,14612.18945
33,72,742.17700
33,73,9148263.00000
33,74,6931471872.00000
33,76,6931471872.00000
34,59,0.00182
34,60,0.00811
34,61,0.00664
34,62,0.02482
34,63,0.01451
34,64,0.08740
34,65,0.04179
34,66,0.53253
34,67,0.35019
34,68,54.33592
34,69,4.73327
34,70,4540.99121
34,71,65.99232
34,72,1518114.75000
34,73,1545.77563
34,75,348692.37500
35,61,0.00371
35,62,0.00325
35,63,0.01167
35,64,0.00966
35,65,0.01946
35,66,0.02345
35,67,0.04687
35,68,0.04197
35,69,0.15578
35,70,0.29485
35,71,2.18197
35,72,0.94906
35,73,178.92175
35,74,267.12170
35,75,426.28549
35,76,53.16645
35,77,33929.75391
35,78,1047350.31250
35,80,6931471872.00000
35,82,6931471872.00000
36,63,0.00183
36,64,0.00832
36,65,0.00643
36,66,0.02818
36,67,0.02319
36,68,0.06756
36,69,0.03495
36,70,0.29920
36,71,0.18254
36,72,15.45288
36,73,3.14927
36,74,1771.13391
36,75,86.69041
36,76,108274.70312
36,77,3102.41699
36,79,122085.03906
36,81,6931471872.00000
37,66,0.00307
37,67,0.00750
37,68,0.00713
37,69,0.01440
37,70,0.01330
37,71,0.03384
37,72,0.02844
37,73,0.19496
37,74,0.60805
37,75,2.87567
37,76,3.83094
37,77,20.23306
37,78,49.12143
37,79,278.11133
37,80,4844.03467
37,81,20518.31836
37,82,1125120.25000
37,83,6931471872.00000
37,84,6931471872.00000
37,86,6931471872.00000
38,68,0.00641
38,69,0.00662
38,70,0.01760
38,71,0.01286
38,72,0.04971
38,73,0.04278
38,74,0.33670
38,75,0.21138
38,76,8.04690
38,77,3.90537
38,78,339.61429
38,79,132.06883
38,80,15329.91309
38,81,102.53542
38,82,6931471872.00000
38,83,26629.10156
38,85,1976707.62500
39,70,0.00386
39,71,0.00748
39,72,0.00583
39,73,0.01765
39,74,0.01701
39,75,0.04037
39,76,0.03781
39,77,0.18439
39,78,0.22924
39,79,3.67996
39,80,3.40577
39,81,22.81370
39,82,11.83516
39,83,466.06592
39,84,1668.43628
39,85,26969.27734
39,86,45974.32422
39,87,5406229.00000
39,88,6931471872.00000
40,72,0.00777
40,73,0.00495
40,74,0.02072
40,75,0.01767
40,76,0.05209
40,77,0.02974
40,78,0.23695
40,79,0.16693
40,80,21.53464
40,81,4.19212
40,82,109.92982
40,83,8.87960
40,84,3661.57031
40,85,88.03050
40,86,959959.31250
40,87,518.13660
40,88,781797760.00000
40,89,4985.27783
41,74,0.00289
41,75,0.00550
41,76,0.00622
41,77,0.01175
41,78,0.01006
41,79,0.03304
41,80,0.04054
41,81,0.17327
41,82,0.20081
41,83,1.59927
41,84,0.55382
41,85,4.32239
41,86,12.83336
41,87,10.13193
41,88,53.01174
41,89,96.54290
41,90,2505.44971
41,91,72077.78906
41,92,296941.56250
41,94,27026570.00000
42,77,0.00429
42,78,0.01762
42,79,0.01047
42,80,0.04433
42,81,0.03173
42,82,0.21406
42,83,0.14027
42,84,1.43139
42,85,0.81831
42,86,30.50999
42,87,6.68648
42,88,431.93756
42,89,15.13386
42,90,8148.07520
42,91,96.92657
42,93,196736864.00000
43,79,0.00463
43,80,0.00410
43,81,0.01075
43,82,0.01026
43,83,0.02474
43,84,0.02223
43,85,0.09168
43,86,0.14409
43,87,0.57391
43,88,0.47476
43,89,1.74670
43,90,4.54187
43,91,11.06209
43,92,55.85385
43,93,567.50287
43,94,6054.72168
43,95,6530.13135
43,96,6931471872.00000
43,97,6931471872.00000
43,98,8167.50586
43,100,1625999.25000
44,81,0.00507
44,82,0.01121
44,83,0.00926
44,84,0.03168
44,85,0.02124
44,86,0.10604
44,87,0.09698
44,88,0.99981
44,89,0.42752
44,90,7.24547
44,91,1.45035
44,92,72.96784
44,93,6.69344
44,94,38441288.00000
44,95,254535.78125
44,97,12527.10742
45,83,0.00513
45,84,0.00448
45,85,0.00999
45,86,0.01043
45,87,0.02219
45,88,0.02316
45,89,0.08997
45,90,0.07103
45,91,0.36135
45,92,0.53872
45,93,1.72169
45,94,4.22574
45,95,24.76162
45,96,152.45979
45,97,314.35507
45,98,533.32599
45,99,2157.34985
45,100,12563.67188
45,101,243324141568.00000
45,102,6931471872.00000
45,104,223634800.00000
46,86,0.01206
46,87,0.01002
46,88,0.02709
46,89,0.02387
46,90,0.07261
46,91,0.06667
46,92,0.53117
46,93,0.18551
46,94,4.17486
46,95,1.06048
46,96,317.40213
46,97,4934.76416
46,98,6931471872.00000
46,99,291.71722
46,100,2485370.50000
46,101,2297.39038
46,103,869891.56250
47,88,0.00538
47,89,0.00957
47,90,0.00892
47,91,0.01955
47,92,0.01786
47,93,0.07383
47,94,0.06775
47,95,0.46921
47,96,0.64519
47,97,4.80425
47,98,16.86589
47,99,20.84922
47,100,17.21675
47,101,150.34595
47,102,138.10141
47,103,806.29858
47,104,1480.11609
47,105,4604.61816
47,106,388.99573
47,108,6931471872.00000
47,110,6931471872.00000
48,90,0.00890
48,91,0.00812
48,92,0.02006
48,93,0.01858
48,94,0.07073
48,95,0.05397
48,96,0.67789
48,97,0.27424
48,98,20.53198
48,99,63.02245
48,100,100.34228
48,101,69.31024
48,102,2542.93726
48,103,122.18762
48,104,53628.29688
48,105,2130.94043
48,107,3854.76074
48,109,6931471872.00000
49,92,0.00466
49,93,0.00870
49,94,0.00943
49,95,0.02198
49,96,0.02079
49,97,0.10470
49,98,0.09891
49,99,1.16443
49,100,3.44891
49,101,11.31294
49,102,5.20975
49,103,12.23524
49,104,6.06299
49,105,59.12210
49,106,46.07639
49,107,448.65616
49,108,208.53384
49,109,1772.99036
49,110,2175.79346
49,111,13669.09570
49,112,6931471872.00000
49,114,6931471872.00000
49,116,6931471872.00000
50,94,0.03564
50,95,0.00756
50,96,0.01660
50,97,0.02153
50,98,0.27405
50,99,0.06365
50,100,58.23532
50,101,4.84495
50,102,161.67920
50,103,6.58499
50,104,17.71333
50,105,31.48075
50,106,73.56194
50,107,15.96510
50,108,1979.61633
50,109,167.17831
50,110,12612884.00000
50,111,269.04175
50,113,2222.97412
51,97,0.00385
51,98,0.00362
51,99,0.00679
51,100,0.00641
51,101,0.01369
51,102,0.01842
51,103,0.05642
51,104,0.23308
51,105,0.54802
51,106,1.02393
51,107,2.44439
51,108,1.63000
51,109,11.95151
51,110,9.79357
51,111,43.21584
51,112,74.20739
51,113,224.42270
51,114,287.76843
51,115,2683.25366
51,116,20745.39258
51,117,33020.98828
51,118,530333.81250
51,119,6931471872.00000
51,120,6931471872.00000
51,122,6931471872.00000
51,124,6931471872.00000
52,99,0.00614
52,100,0.01868
52,101,0.01154
52,102,0.04693
52,103,0.08801
52,104,0.37822
52,105,0.45633
52,106,1.70128
52,107,0.75730
52,108,8.48562
52,109,3.32183
52,110,37.69795
52,111,27.00658
52,112,145.57610
52,113,70.56610
52,114,1054.47144
52,115,39.21851
52,116,14085.51758
52,117,7819.59424
52,118,6931471872.00000
52,119,55581.35547
52,121,6931471872.00000
52,123,6931471872.00000
53,101,0.00583
53,102,0.00448
53,103,0.00872
53,104,0.01384
53,105,0.03232
53,106,0.03367
53,107,0.09057
53,108,0.13546
53,109,0.30063
53,110,0.44338
53,111,0.85354
53,112,1.13060
53,113,3.74160
53,114,4.51164
53,115,14.89744
53,116,9.71709
53,117,47.88293
53,118,74.09920
53,119,846.40863
53,120,154.12584
53,121,3772.74463
53,122,9959.99414
53,123,26497.13281
53,124,17987.60547
53,125,1279575.75000
53,126,6931471872.00000
53,128,6931471872.00000
53,130,6931471872.00000
54,103,0.00530
54,104,0.01114
54,105,0.01292
54,106,0.04462
54,107,0.04222
54,108,0.18443
54,109,0.23428
54,110,0.97307
54,111,0.84771
54,112,3.92076
54,113,1.91219
54,114,9.45722
54,115,5.96985
54,116,74.36967
54,117,13.96503
54,118,644.69464
54,119,237.81927
54,120,6172.84863
54,121,191.24750
54,122,60453.04688
54,123,81819.37500
54,125,6082600.00000
54,127,6931471872.00000
55,106,0.00655
55,107,0.01393
55,108,0.01356
55,109,0.03905
55,110,0.06419
55,111,0.14213
55,112,0.18782
55,113,0.39399
55,114,0.42014
55,115,0.88780
55,116,1.22363
55,117,3.20644
55,118,5.03412
55,119,15.29941
55,120,14.95620
55,121,31.04191
55,122,10.29708
55,123,192.51480
55,124,624.43634
55,125,1939.92700
55,126,7099.06885
55,127,10191.63281
55,128,1556.96826
55,129,51879.62109
55,130,92709.91406
55,131,573747.56250
55,132,19784.93164
55,134,6931471872.00000
55,136,6931471872.00000
56,108,0.01303
56,109,0.01013
56,110,0.02718
56,111,0.03426
56,112,0.13591
56,113,0.14028
56,114,0.63298
56,115,0.27773
56,116,1.20109
56,117,1.96549
56,118,5.86800
56,119,5.34576
56,120,22.73085
56,121,9.23091
56,122,144.92680
56,123,22.56989
56,124,514.05670
56,125,415.32416
56,126,1779.39636
56,127,1829.28711
56,128,9544940.00000
56,129,549.29224
56,131,6931471872.00000
56,133,204379.26562
57,110,0.00483
57,111,0.00871
57,112,0.01055
57,113,0.02330
57,114,0.02755
57,115,0.12796
57,116,0.12393
57,117,0.33345
57,118,0.37460
57,119,1.09542
57,120,1.73192
57,121,4.06699
57,122,2.18231
57,123,7.84807
57,124,4.73980
57,125,21.95711
57,126,22.44186
57,127,58.92416
57,128,57.98017
57,129,343.52991
57,130,117.98041
57,131,1440.07739
57,132,6528.91797
57,133,14280.13086
57,134,14342.85156
57,135,99721.67188
57,136,23517.88867
57,137,595330.00000
57,138,6931471872.00000
58,113,0.00877
58,114,0.02257
58,115,0.02115
58,116,0.08594
58,117,0.07330
58,118,0.32408
58,119,0.33472
58,120,0.87352
58,121,0.91710
58,122,2.59583
58,123,1.53535
58,124,8.78818
58,125,4.81955
58,126,68.36684
58,127,44.33028
58,128,204.19368
58,129,133.27194
58,130,1120.18445
58,131,95.95153
58,132,54311.46094
58,133,13388.70605
58,134,695022.62500
58,135,6728.86377
58,137,13282.00000
58,139,6931471872.00000
59,115,0.00927
59,116,0.01106
59,117,0.02774
59,118,0.03154
59,119,0.09135
59,120,0.10912
59,121,0.22787
59,122,0.31466
59,123,0.52202
59,124,0.53816
59,125,1.24234
59,126,1.49924
59,127,3.31428
59,128,3.94682
59,129,7.23058
59,130,8.57239
59,131,27.67393
59,132,15.50466
59,133,103.36971
59,134,702.47180
59,135,325.08679
59,136,202.16248
59,137,1457.84741
59,138,456.19693
59,139,5610.66162
59,140,6931471872.00000
59,142,6931471872.00000
60,118,0.02131
60,119,0.02208
60,120,0.07527
60,121,0.09196
60,122,0.26517
60,123,0.26583
60,124,0.54740
60,125,0.40832
60,126,1.60440
60,127,1.25036
60,128,4.49885
60,129,6.13907
60,130,18.12346
60,131,3.86648
60,132,44.04704
60,133,15.22766
60,134,1136.86865
60,135,365.84119
60,136,2681.08496
60,137,700.77893
60,138,12827.32422
60,139,664.59686
60,140,1239236.75000
60,141,71303.78125
61,120,0.00793
61,121,0.01825
61,122,0.02373
61,123,0.06168
61,124,0.08508
61,125,0.12900
61,126,0.14966
61,127,0.31726
61,128,0.40837
61,129,0.79725
61,130,0.98413
61,131,2.16018
61,132,1.96885
61,133,3.53296
61,134,3.29476
61,135,51.39539
61,136,55.16119
61,137,43.83507
61,138,36.01757
61,139,156.43083
61,140,828.89050
61,141,323.96628
61,142,21484.04688
61,143,53007.80078
61,144,6931471872.00000
61,145,6931471872.00000
61,146,6931471872.00000
61,148,6931471872.00000
61,150,6931471872.00000
62,123,0.02083
62,124,0.05807
62,125,0.07410
62,126,0.13659
62,127,0.11974
62,128,0.27942
62,129,0.24825
62,130,0.82210
62,131,0.89850
62,132,2.05532
62,133,1.38567
62,134,6.75837
62,135,8.36822
62,136,46.84232
62,137,44.52850
62,138,112.35947
62,139,84.80571
62,140,900.06854
62,141,417.23633
62,142,1453.83496
62,143,1409.82349
62,145,18982864.00000
63,125,0.01063
63,126,0.01340
63,127,0.02224
63,128,0.03120
63,129,0.04835
63,130,0.04651
63,131,0.13721
63,132,0.30923
63,133,0.84445
63,134,0.73352
63,135,2.19027
63,136,2.91442
63,137,4.00437
63,138,4.81069
63,139,10.32953
63,140,7.68420
63,141,26.43883
63,142,91.30240
63,143,98.32962
63,144,39.86273
63,145,3236.09277
63,146,1126356.50000
63,147,6931471872.00000
63,148,12884.41797
63,149,394962592.00000
63,150,1938960256.00000
63,152,6931471872.00000
63,154,123555776.00000
64,128,0.03571
64,129,0.03317
64,130,0.06515
64,131,0.06161
64,132,0.26125
64,133,0.20663
64,134,0.46074
64,135,1.02093
64,136,1.15920
64,137,1.01452
64,138,4.88483
64,139,5.49567
64,140,11.54510
64,141,11.13987
64,142,58.58055
64,143,41.45566
64,144,59.73848
64,145,16.80129
64,146,74175.82812
64,147,118318.35938
64,148,6931471872.00000
64,149,1911.82922
64,151,16404.68359
64,153,110874576.00000
65,130,0.01631
65,131,0.03682
65,132,0.03723
65,133,0.06833
65,134,0.11812
65,135,0.19264
65,136,0.43545
65,137,0.48631
65,138,0.82746
65,139,1.17492
65,140,0.76489
65,141,1.18908
65,142,1.31293
65,143,3.73267
65,144,4.31556
65,145,6.57477
65,146,6.72194
65,147,20.75430
65,148,57.19764
65,149,56.23405
65,150,145.26236
65,151,271.76013
65,152,106.18102
65,153,214162.10938
65,154,503687.46875
65,155,6302954.50000
65,156,489165.37500
65,157,5375683072.00000
65,158,6931471872.00000
65,160,58995159040.00000
66,133,0.02098
66,134,0.06013
66,135,0.06702
66,136,0.17496
66,137,0.23650
66,138,0.35654
66,139,0.45930
66,140,0.87319
66,141,1.09633
66,142,1.77329
66,143,2.15892
66,144,9.25188
66,145,4.47911
66,146,9.01688
66,147,4.18190
66,148,99.91178
66,149,710.27502
66,150,340.84659
66,151,210.36935
66,152,16729.62695
66,153,314.77921
66,155,2704543.25000
66,157,1136652.75000
66,159,35295264.00000
67,136,0.03104
67,137,0.06704
67,138,0.10101
67,139,0.14275
67,140,0.17160
67,141,0.29205
67,142,0.39714
67,143,0.57179
67,144,0.36922
67,145,1.61143
67,146,1.65428
67,147,2.26483
67,148,1.72708
67,149,5.05086
67,150,9.04519
67,151,12.55771
67,152,18.41137
67,153,386.96994
67,154,33.12565
67,155,116.67214
67,156,114.57129
67,157,189.07602
67,158,265.44022
67,159,422.23401
67,160,771.79633
67,161,2205.77856
67,162,46746.28906
67,163,187543748608.00000
67,164,6931471872.00000
68,138,0.05615
68,139,0.08111
68,140,0.11309
68,141,0.13083
68,142,0.22806
68,143,0.22699
68,144,0.54825
68,145,0.60940
68,146,2.37833
68,147,1.44764
68,148,2.47237
68,149,1.51527
68,150,11.62758
68,151,28.16696
68,152,38.24569
68,153,29.92826
68,154,241.10896
68,155,44.62041
68,156,2053.89722
68,157,1071.32739
68,158,7872.20947
68,159,5868.34326
68,160,1044039.87500
68,161,4702.49609
68,163,1040.73706
68,165,988417344.00000
69,141,0.07037
69,142,0.08095
69,143,0.13711
69,144,0.11662
69,145,0.24910
69,146,0.31183
69,147,0.32878
69,148,0.32428
69,149,0.42809
69,150,0.46637
69,151,1.37154
69,152,2.81615
69,153,4.00349
69,154,7.12135
69,155,9.37551
69,156,5.68538
69,157,126.87699
69,158,150.94821
69,159,281.43512
69,160,407.69760
69,161,888.53290
69,162,804.21301
69,163,14720.02930
69,164,282.82938
69,165,2606650.00000
69,166,4295579.00000
69,167,2111401472.00000
69,168,6931471872.00000
69,170,6931471872.00000
70,143,0.05248
70,144,0.07697
70,145,0.07804
70,146,0.15791
70,147,0.15092
70,148,0.32852
70,149,0.40867
70,150,0.55129
70,151,0.62138
70,152,2.08440
70,153,4.66182
70,154,8.42739
70,155,5.00344
70,156,28.72301
70,157,9.57292
70,158,89.49671
70,159,50.87890
70,160,197.79533
70,161,125.97874
70,162,515.94391
70,163,376.72504
70,164,3600.93604
70,165,127.61037
70,166,6931471872.00000
70,167,792076.06250
70,169,547178.62500
71,146,0.04283
71,147,0.07389
71,148,0.08597
71,149,0.12074
71,150,0.18974
71,151,0.19271
71,152,0.18933
71,153,0.53313
71,154,1.18138
71,155,1.10034
71,156,1.08395
71,157,2.67009
71,158,2.78763
71,159,18.72865
71,160,13.43449
71,161,41.38156
71,162,68.27653
71,163,133.90840
71,164,174.32181
71,165,421.79205
71,166,41.98050
71,167,3709.68311
71,168,110125.70312
71,169,210.64539
71,170,473.82303
71,171,634.03186
71,172,2923.44482
71,173,3277.51611
71,174,6931471872.00000
71,176,488352.53125
72,149,0.06428
72,150,0.12739
72,151,0.11487
72,152,0.14529
72,153,0.14010
72,154,0.35722
72,155,1.19186
72,156,1.76486
72,157,1.46887
72,158,4.83561
72,159,2.43694
72,160,12.78110
72,161,8.83540
72,162,26.09115
72,163,40.55241
72,164,83.24638
72,165,102.98325
72,166,258.03290
72,167,28.17828
72,168,1114.37854
72,169,2930.74146
72,170,34080.97656
72,171,7677.50391
72,172,3841016576.00000
72,173,386105.37500
72,175,6931471872.00000
73,151,0.05755
73,152,0.05920
73,153,0.07329
73,154,0.08608
73,155,0.16642
73,156,0.40077
73,157,0.83518
73,158,0.79931
73,159,1.52946
73,160,0.96394
73,161,3.42649
73,162,3.23206
73,163,7.73236
73,164,2.88484
73,165,22.70212
73,166,5.00741
73,167,12.48530
73,168,13.48155
73,169,23.51017
73,170,25.74659
73,171,41.55656
73,172,63.33349
73,173,79.44759
73,174,152.60931
73,175,175628.84375
73,176,36974.07031
73,177,926021.18750
73,178,5756.89307
73,179,990855360.00000
73,180,5289758.50000
74,154,0.06352
74,155,0.06024
74,156,0.13028
74,157,0.67776
74,158,0.48741
74,159,0.40985
74,160,1.52763
74,161,0.73738
74,162,3.05135
74,163,2.65005
74,164,5.55418
74,165,2.14994
74,166,13.41386
74,167,15.26411
74,168,36.42353
74,169,40.15710
74,170,69.06476
74,171,95.84075
74,172,170.12108
74,173,245.92448
74,174,430.85147
74,175,1336.96704
74,176,2918.40845
74,177,9741.84180
74,178,6931471872.00000
74,179,607.95740
74,181,211770880.00000
75,156,0.03690
75,157,0.04862
75,158,0.27876
75,159,0.21305
75,160,0.20917
75,161,0.30521
75,162,0.32386
75,163,0.58212
75,164,0.51547
75,165,0.97985
75,166,0.62226
75,167,2.18159
75,168,2.23448
75,169,8.68485
75,170,13.19401
75,171,19.35420
75,172,28.76925
75,173,37.23860
75,174,61.83272
75,175,88.60569
75,176,148.48869
75,177,276.46835
75,178,584.85620
75,179,1758.81348
75,180,129.62567
75,181,1115373.62500
75,182,2852364.50000
75,183,6931471872.00000
75,184,6931471872.00000
75,186,6931471872.00000
76,159,0.14511
76,160,0.13243
76,161,0.15681
76,162,0.27057
76,163,0.32262
76,164,1.12079
76,165,0.70524
76,166,1.48131
76,167,0.66102
76,168,4.01433
76,169,4.65479
76,170,12.53893
76,171,6.08578
76,172,11.02240
76,173,15.60972
76,174,24.37127
76,175,30.28108
76,176,45.02607
76,177,72.36427
76,178,140.12166
76,179,351.87521
76,180,592.71906
76,181,46.46293
76,182,80060.88281
76,183,1054509.00000
76,185,6651992.00000
77,162,0.10934
77,163,0.40958
77,164,0.14410
77,165,0.22847
77,166,0.29151
77,167,0.41194
77,168,0.26105
77,169,0.80639
77,170,0.85097
77,171,1.29774
77,172,1.42358
77,173,2.24182
77,174,2.36077
77,175,3.51328
77,176,7.70891
77,177,17.38346
77,178,25.54754
77,179,14.39684
77,180,66.00325
77,181,28.21845
77,182,23.68006
77,183,44.87779
77,184,66.52434
77,185,91.66216
77,186,121.12074
77,187,216.92923
77,188,452.86508
77,189,3828.85693
77,190,10859.65625
77,192,6931471872.00000
78,165,0.27646
78,166,0.14147
78,167,0.21672
78,168,0.58144
78,169,0.32666
78,170,0.63885
78,171,1.17103
78,172,5.89539
78,173,1.73201
78,174,3.49086
78,175,6.88595
78,176,6.78394
78,177,5.51362
78,178,41.81365
78,179,15.28961
78,180,25.91824
78,181,40.48209
78,182,91.76358
78,183,13.73319
78,184,444.17545
78,185,634.31451
78,186,2865.43530
78,187,1237.90186
78,188,100156.50000
78,189,19140.45508
78,191,600.17767
78,193,6931471872.00000
79,167,0.25527
79,168,0.14297
79,169,0.24367
79,170,0.19366
79,171,0.19075
79,172,0.47322
79,173,0.60707
79,174,1.36064
79,175,1.82888
79,176,1.05406
79,177,1.98584
79,178,1.49576
79,179,2.31860
79,180,6.19403
79,181,9.36179
79,182,13.93159
79,183,8.01702
79,184,6.99086
79,185,98.46654
79,186,151.53333
79,187,412.27686
79,188,1569.85596
79,189,16153.36523
79,190,78239.32031
79,191,1643533.87500
79,192,532828.81250
79,193,9947880.00000
79,194,4142770.25000
79,195,525601792.00000
79,196,9722947.00000
79,198,6931471872.00000
80,170,0.11784
80,171,0.24118
80,172,0.30824
80,173,0.25239
80,174,0.55408
80,175,0.33111
80,176,0.99977
80,177,1.52944
80,178,2.67394
80,179,3.39947
80,180,4.10994
80,181,1.69039
80,182,10.24092
80,183,2.35979
80,184,24.06436
80,185,54.80954
80,186,92.76331
80,187,135.39899
80,188,573.25317
80,189,572.38708
80,190,12472.70898
80,191,82167.80469
80,192,3466373.75000
80,193,2265.82642
80,194,6931471872.00000
80,195,1259406.00000
80,197,9949013.00000
81,173,0.13776
81,174,0.18021
81,175,0.36018
81,176,0.14639
81,177,0.47129
81,178,0.58217
81,179,0.80291
81,180,0.25561
81,181,1.75762
81,182,2.05260
81,183,4.13167
81,184,6.04340
81,185,12.41913
81,186,17.92185
81,187,39.83224
81,188,62.46532
81,189,141.17624
81,190,551.50848
81,191,868.85596
81,192,9953.62305
81,193,778457.12500
81,194,456454.34375
81,195,1962343.37500
81,196,47969.01172
81,197,9663249.00000
81,198,173676.51562
81,199,46088008.00000
81,200,8099520512.00000
81,201,6931471872.00000
81,202,6931471872.00000
81,204,6931471872.00000
82,175,0.06797
82,176,0.11966
82,177,0.10895
82,178,0.24427
82,179,0.19312
82,180,0.75985
82,181,0.25819
82,182,1.89095
82,183,2.28508
82,184,4.92695
82,185,6.00121
82,186,12.50421
82,187,15.10387
82,188,34.62008
82,189,40.78293
82,190,86.89791
82,191,134.49332
82,192,560.72900
82,193,623.19885
82,194,2383.51855
82,195,5193.92432
82,196,11453.84180
82,197,102910.65625
82,198,6931471872.00000
82,199,32570.13281
82,200,6931471872.00000
82,201,36192.91016
82,202,6931471872.00000
82,203,1712224128.00000
82,205,6931471872.00000
83,178,0.07352
83,179,0.11309
83,180,0.16522
83,181,0.21756
83,182,0.26024
83,183,0.28000
83,184,0.20913
83,185,0.77087
83,186,0.32902
83,187,0.74849
83,188,1.28542
83,189,2.20143
83,190,2.08901
83,191,3.81216
83,192,15.97512
83,193,54.29961
83,194,51.01542
83,195,327.23264
83,196,204.57217
83,197,923.66492
83,198,1328.26599
83,199,2986.29785
83,200,962.24390
83,201,15449.38184
83,202,25876.75391
83,203,356753.03125
83,204,76854.96875
83,205,6931471872.00000
83,206,124955904.00000
83,207,6931471872.00000
83,208,6931471872.00000
84,181,0.07111
84,182,0.13090
84,183,0.21624
84,184,0.42034
84,185,0.27029
84,186,0.52492
84,187,0.55346
84,188,1.04979
84,189,0.44817
84,190,6.66636
84,191,5.05423
84,192,8.28785
84,193,13.87582
84,194,11.36691
84,195,13.18636
84,196,74.99919
84,197,93.74667
84,198,217.24165
84,199,271.28369
84,200,429.79611
84,201,143.51128
84,202,1266.17688
84,203,1140.14001
84,204,3818.33691
84,205,1295.58899
84,206,9971.32715
84,207,996.84308
84,208,20153186.00000
84,209,17689518.00000
85,184,0.11557
85,185,0.13574
85,186,0.14784
85,187,0.20491
85,188,0.26926
85,189,0.38717
85,190,0.60964
85,191,1.35578
85,192,1.21470
85,193,2.14467
85,194,2.08835
85,195,3.83134
85,196,3.60895
85,197,9.49645
85,198,8.71335
85,199,56.37894
85,200,48.37120
85,201,217.69032
85,202,81.22478
85,203,101.45539
85,204,250.74048
85,205,537.42041
85,206,881.03815
85,207,7462.78564
85,208,1921.16113
85,209,689120.62500
85,210,575125.62500
85,211,58992840704.00000
85,212,6931471872.00000
85,213,6931471872.00000
85,214,6931471872.00000
85,216,6931471872.00000
86,186,0.11504
86,187,0.15107
86,188,0.15936
86,189,0.16531
86,190,0.31193
86,191,0.22687
86,192,0.40926
86,193,0.57671
86,194,2.54613
86,195,1.92332
86,196,3.75052
86,197,3.19852
86,198,5.68538
86,199,14.24582
86,200,8.21636
86,201,18.05331
86,202,50.29371
86,203,11.94146
86,204,68.69233
86,205,125.44477
86,206,331.48178
86,207,232.09427
86,208,1673.07837
86,209,218.18054
86,210,7644.04004
86,211,2063036.25000
86,213,614007872.00000
86,215,6931471872.00000
87,189,0.08680
87,190,0.08623
87,191,0.14869
87,192,0.21293
87,193,0.25784
87,194,0.26450
87,195,0.25704
87,196,0.51967
87,197,0.59504
87,198,0.78120
87,199,0.77529
87,200,0.74837
87,201,1.30887
87,202,1.37803
87,203,2.12494
87,204,2.23651
87,205,4.82906
87,206,4.70056
87,207,6.43131
87,208,8.01500
87,209,10.99662
87,210,129.14970
87,211,4907.05371
87,212,1883663.00000
87,213,377645024.00000
87,214,3542658.25000
87,215,9424637952.00000
87,216,6931471872.00000
87,217,41637920.00000
87,218,6931471872.00000
87,220,6931471872.00000
88,192,0.17288
88,193,0.19322
88,194,0.21703
88,195,0.22173
88,196,0.32087
88,197,0.36721
88,198,0.70090
88,199,0.93529
88,200,1.11474
88,201,1.48638
88,202,1.63889
88,203,1.43381
88,204,4.91708
88,205,3.52596
88,206,11.93177
88,207,16.84744
88,208,62.72754
88,209,75.11228
88,210,68.89611
88,211,34.70942
88,212,251.45673
88,213,43256.99609
88,214,6931471872.00000
88,215,72719.35156
88,216,6931471872.00000
88,217,3890.02881
88,219,6541.39697
89,195,0.11914
89,196,0.09961
89,197,0.17782
89,198,0.20113
89,199,0.19504
89,200,1.10361
89,201,0.75670
89,202,0.93619
89,203,0.91543
89,204,1.13693
89,205,1.45908
89,206,1.92712
89,207,2.83898
89,208,8.16253
89,209,17.41762
89,210,7.06960
89,211,15.02529
89,212,17.23885
89,213,4.84800
89,214,11956.77246
89,215,61942168.00000
89,216,27368.32812
89,217,150795312.00000
89,218,13.12692
89,219,60.54247
89,220,706.97015
89,221,84598.11719
89,222,35452.42188
89,223,665808.43750
89,224,6931471872.00000
89,226,6931471872.00000
90,198,0.13407
90,199,0.22350
90,200,0.21558
90,201,0.17671
90,202,0.54707
90,203,1.16255
90,204,0.67578
90,205,0.97661
90,206,1.73700
90,207,1.23797
90,208,2.26664
90,209,1.95222
90,210,4.34931
90,211,4.01952
90,212,10.62761
90,213,6.88965
90,214,14.94074
90,215,111.42592
90,216,676.38580
90,217,296.84619
90,218,297.09357
90,219,47.19180
90,220,465.06635
90,221,107.05659
90,222,3226.79517
90,223,71114.77344
90,225,4883.12988
91,200,0.19704
91,201,0.17151
91,202,0.11777
91,203,0.18751
91,204,0.31055
91,205,0.35950
91,206,0.41706
91,207,1.23096
91,208,0.80280
91,209,0.92987
91,210,2.58453
91,211,1.77191
91,212,0.85366
91,213,3.57218
91,214,3.67758
91,215,13.44139
91,216,42.13159
91,217,86.85084
91,218,57.36151
91,219,64.53579
91,220,31.74065
91,221,15.82478
91,222,21.31265
91,223,39.46803
91,224,121.00138
91,225,181.96977
91,226,935.15088
91,227,1533.15784
91,228,780.79749
91,229,78544.98438
91,230,6931471872.00000
91,232,199857.59375
92,203,0.10904
92,204,0.21919
92,205,0.27387
92,206,0.30177
92,207,0.42611
92,208,0.63220
92,209,0.40062
92,210,0.57234
92,211,0.78797
92,212,0.99671
92,213,1.17686
92,214,1.88058
92,215,2.21666
92,216,3.38387
92,217,6.90851
92,218,15.42313
92,219,12.98171
92,220,9.90541
92,221,8.58274
92,222,17.52732
92,223,17.76364
92,224,54.58738
92,225,166.52353
92,226,229.85852
92,227,2705.71631
92,228,48622.51562
92,229,887.79797
92,231,821644099584.00000
93,206,0.19585
93,207,0.23474
93,208,0.34972
93,209,0.40041
93,210,0.23107
93,211,0.31189
93,212,0.57857
93,213,0.55248
93,214,0.95405
93,215,0.63755
93,216,0.75511
93,217,2.43466
93,218,1.78917
93,219,3.33529
93,220,2.45755
93,221,7.52487
93,222,2.63192
93,223,4.43824
93,224,5.42961
93,225,29.30946
93,226,103.56692
93,227,15.19731
93,228,37.80452
93,229,44.95172
93,230,45.74298
93,231,134.97960
93,232,510.79486
93,233,813.62030
93,234,645.22302
93,235,785733.56250
93,236,6931471872.00000
93,238,6931471872.00000
94,209,0.17714
94,210,0.21135
94,211,0.18166
94,212,0.34152
94,213,0.41683
94,214,0.57422
94,215,0.41079
94,216,0.92426
94,217,0.72306
94,218,1.31387
94,219,1.74374
94,220,2.85937
94,221,2.89664
94,222,2.34020
94,223,2.29475
94,224,3.82569
94,225,4.25574
94,226,9.17913
94,227,23.32446
94,228,24.48009
94,229,80.19442
94,230,116.44984
94,231,102.26998
94,232,619.12640
94,233,3029.89966
94,234,11039.25195
94,235,370.65341
94,237,9900674.00000
95,212,0.10719
95,213,0.16659
95,214,0.15899
95,215,0.15939
95,216,0.25303
95,217,0.50253
95,218,0.60323
95,219,0.74065
95,220,0.56310
95,221,0.84512
95,222,0.92748
95,223,1.95082
95,224,1.86430
95,225,1.38239
95,226,1.54286
95,227,2.50106
95,228,5.12886
95,229,21.04619
95,230,40.35154
95,231,49.18904
95,232,47.32471
95,233,196.57227
95,234,717.92963
95,235,1725.88635
95,236,127.05192
95,237,25234.32422
95,238,26741.78125
95,239,257677.34375
95,240,6931471872.00000
95,242,6931471872.00000
95,244,6931471872.00000
96,215,0.15419
96,216,0.16058
96,217,0.21217
96,218,0.30522
96,219,0.28095
96,220,0.48051
96,221,0.58541
96,222,0.76068
96,223,0.87248
96,224,0.74067
96,225,0.95031
96,226,1.15549
96,227,1.27897
96,228,3.05138
96,229,7.87652
96,230,8.89794
96,231,15.71444
96,232,17.36884
96,233,16.92840
96,234,38.85154
96,235,114.16311
96,236,173.73445
96,237,29.11429
96,238,1434.23438
96,239,39323.53125
96,240,33053782.00000
96,241,15695992.00000
96,243,6931471872.00000
97,218,0.14529
97,219,0.13952
97,220,0.15063
97,221,0.17895
97,222,0.26016
97,223,0.35508
97,224,0.74347
97,225,0.65947
97,226,0.45934
97,227,0.90010
97,228,1.23518
97,229,3.95743
97,230,5.44601
97,231,5.20819
97,232,8.07099
97,233,9.50902
97,234,10.59233
97,235,21.29840
97,236,49.23387
97,237,71.40983
97,238,221.75717
97,239,435.28259
97,240,5550.12256
97,241,12333.56543
97,242,27096.77734
97,243,182068.60938
97,244,19926.43945
97,245,1094.31653
97,246,830.46594
97,248,6931471872.00000
98,221,0.20140
98,222,0.19781
98,223,0.22771
98,224,0.28158
98,225,0.32992
98,226,0.27814
98,227,0.40502
98,228,0.40281
98,229,1.57421
98,230,1.94469
98,231,3.35541
98,232,3.10989
98,233,3.30035
98,234,4.04643
98,235,4.85568
98,236,8.90886
98,237,3.44784
98,238,21.64713
98,239,52.74094
98,240,78.59879
98,241,192.76230
98,242,273.79910
98,243,693.57458
98,244,1190.33093
98,245,674.53198
98,246,473359.96875
98,247,2162.34424
99,224,0.12376
99,225,0.16308
99,226,0.29923
99,227,0.07355
99,228,0.08019
99,229,0.37458
99,230,0.54419
99,231,0.55197
99,232,0.62126
99,233,2.32320
99,234,1.50469
99,235,1.61439
99,236,2.24179
99,237,2.38090
99,238,1.33858
99,239,4.91457
99,240,8.27530
99,241,9.92361
99,242,17.55370
99,243,22.21677
99,244,153.72787
99,245,302.44254
99,246,271.61780
99,247,991.34534
99,248,248.64517
99,249,794236.25000
99,250,767384420352.00000
99,251,6931471872.00000
99,252,6931471872.00000
99,254,6931471872.00000
99,256,6931471872.00000
100,226,0.12332
100,227,5.83191
100,228,0.42894
100,229,0.06265
100,230,0.45542
100,231,0.61514
100,232,0.85184
100,233,0.39583
100,234,2.44361
100,235,3.99010
100,236,2.21372
100,237,3.27404
100,238,3.16807
100,239,4.61201
100,240,5.31362
100,241,9.52258
100,242,9.76328
100,243,17.08674
100,244,20.41447
100,245,31.64338
100,246,45.73253
100,247,55.54553
100,248,160.47739
100,249,37.02639
100,250,4296.84619
100,251,344619.62500
100,253,171465.31250
101,229,0.19039
101,230,0.03471
101,231,0.34954
101,232,0.53943
101,233,0.71368
101,234,0.28834
101,235,1.19542
101,236,2.56326
101,237,2.87143
101,238,2.52438
101,239,3.24262
101,240,3.27090
101,241,3.61244
101,242,5.89844
101,243,7.22105
101,244,10.30889
101,245,11.80449
101,246,16.56637
101,247,24.27389
101,248,30.81720
101,249,80.69873
101,250,21.79595
101,251,652.04077
101,252,27735.59961
101,253,254038.60938
101,254,12714.37793
101,255,24127458.00000
101,256,6931471872.00000
101,257,6931471872.00000
101,258,6931471872.00000
101,260,6931471872.00000
101,262,6931471872.00000
102,232,0.05369
102,233,0.31262
102,234,0.50744
102,235,0.20056
102,236,0.58111
102,237,0.95862
102,238,1.19466
102,239,1.74378
102,240,1.66634
102,241,2.22733
102,242,2.24804
102,243,2.67407
102,244,2.92467
102,245,3.90781
102,246,6.14972
102,247,6.36265
102,248,7.95534
102,249,11.37947
102,250,18.67658
102,251,6.12524
102,252,82.31731
102,253,673.20532
102,254,2061.72314
102,255,1160.41992
102,256,287528.46875
102,257,6931471872.00000
102,259,4417.83691
102,261,6931471872.00000
103,235,0.13411
103,236,0.17253
103,237,0.18924
103,238,0.23415
103,239,0.29741
103,240,0.34568
103,241,0.34667
103,242,1.22508
103,243,0.39360
103,244,1.65216
103,245,0.60261
103,246,0.76897
103,247,0.84615
103,248,1.19163
103,249,5.14718
103,250,7.29475
103,251,2.73000
103,252,1.97995
103,253,7.53071
103,254,19.64158
103,255,24.99828
103,256,40.58649
103,257,74.71961
103,258,154.60555
103,259,176.09534
103,260,461.11212
103,261,758.51971
103,262,3729.15771
103,263,11360.36328
103,264,6931471872.00000
103,266,6931471872.00000
104,238,0.54389
104,239,0.35719
104,240,0.37045
104,241,0.56609
104,242,0.47317
104,243,0.69892
104,244,0.67839
104,245,0.84648
104,246,1.25689
104,247,1.23693
104,248,1.45522
104,249,1.80222
104,250,2.32135
104,251,3.30752
104,252,4.66898
104,253,1.59835
104,254,16.06471
104,255,35.44586
104,256,40.28528
104,257,114.90515
104,258,169.78230
104,259,171.14113
104,260,593.33203
104,261,136.54839
104,262,12452.46875
104,263,204385.10938
104,265,6931471872.00000
105,241,0.29658
105,242,0.36077
105,243,0.38805
105,244,0.58521
105,245,0.60054
105,246,0.61032
105,247,0.67461
105,248,1.01859
105,249,0.97827
105,250,1.61215
105,251,1.96011
105,252,2.54819
105,253,3.35413
105,254,1.15665
105,255,10.92200
105,256,21.28631
105,257,29.23414
105,258,56.60332
105,259,81.17763
105,260,84.79042
105,261,197.91908
105,262,63.19860
105,263,1090.64282
105,264,5170.14404
105,265,545680.25000
105,266,702041.31250
105,267,6931471872.00000
105,268,6931471872.00000
105,270,6931471872.00000
105,272,6931471872.00000
105,274,6931471872.00000
105,292,415.30722
106,244,0.23332
106,245,0.28202
106,246,0.26389
106,247,0.37824
106,248,0.43515
106,249,0.56282
106,250,0.63831
106,251,0.89734
106,252,1.01429
106,253,1.86109
106,254,2.00324
106,255,0.63897
106,256,4.87613
106,257,10.09769
106,258,12.26749
106,259,18.69223
106,260,21.74113
106,261,27.88126
106,262,48.60602
106,263,17.89452
106,264,140.00627
106,265,519.08087
106,266,1486.08875
106,267,5596.60645
106,268,6931471872.00000
106,269,6931471872.00000
106,271,6931471872.00000
107,247,0.24768
107,248,0.29365
107,249,0.32152
107,250,0.42462
107,251,0.43950
107,252,0.71603
107,253,0.85991
107,254,1.08010
107,255,1.54885
107,256,1.84771
107,257,2.90690
107,258,6.32054
107,259,7.56806
107,260,10.62232
107,261,13.00736
107,262,16.53955
107,263,24.50443
107,264,11.51526
107,265,65.66319
107,266,169.53764
107,267,372.21509
107,268,931.67456
107,269,44887.23438
107,270,449910.75000
107,271,9998724.00000
107,272,55473400.00000
107,273,196004642816.00000
107,274,6931471872.00000
107,275,10365.03223
107,276,1576785.12500
107,277,6931471872.00000
107,278,6931471872.00000
107,280,6931471872.00000
107,296,695.39508
108,250,0.19727
108,251,0.28100
108,252,0.27820
108,253,0.39816
108,254,0.49859
108,255,0.66340
108,256,0.79620
108,257,1.07716
108,258,1.32431
108,259,1.98588
108,260,2.80439
108,261,3.28461
108,262,3.68600
108,263,5.35008
108,264,6.73533
108,265,3.17174
108,266,15.72044
108,267,36.80396
108,268,57.46952
108,269,182.89380
108,270,866.59149
108,271,28284.13672
108,272,43842104.00000
108,273,6931471872.00000
108,275,9834.06543
108,277,6931471872.00000
108,279,6931471872.00000
108,297,409.50888
108,298,502.66437
109,253,0.12114
109,254,0.13930
109,255,0.16831
109,256,0.19936
109,257,0.23612
109,258,0.25458
109,259,0.30776
109,260,0.38416
109,261,0.41486
109,262,0.55272
109,263,0.64403
109,264,0.93899
109,265,1.10260
109,266,0.86251
109,267,2.28587
109,268,4.91375
109,269,6.08746
109,270,17.85637
109,271,31.20383
109,272,95.49651
109,273,153.15575
109,274,335.53513
109,275,323.79099
109,276,304.28064
109,277,240831.75000
109,278,6931471872.00000
109,279,6931471872.00000
109,280,6931471872.00000
109,281,6931471872.00000
109,282,6931471872.00000
109,283,6931471872.00000
109,284,6931471872.00000
109,286,6931471872.00000
110,256,0.18676
110,257,0.27623
110,258,0.32199
110,259,0.33398
110,260,0.42075
110,261,0.57966
110,262,0.63084
110,263,0.95244
110,264,0.92441
110,265,1.31810
110,266,1.63533
110,267,0.71595
110,268,3.15024
110,269,7.18742
110,270,9.59189
110,271,28.76633
110,272,66.00065
110,273,144.53130
110,274,556.65424
110,275,504.87973
110,276,644.82214
110,277,495.35541
110,278,1469.12292
110,279,71644.47656
110,280,6931471872.00000
110,281,6931471872.00000
110,283,6931471872.00000
111,259,0.20615
111,260,0.28461
111,261,0.36201
111,262,0.48839
111,263,0.45128
111,264,0.60205
111,265,0.73290
111,266,1.08909
111,267,1.31764
111,268,2.44237
111,269,2.68637
111,270,6.01617
111,271,7.91062
111,272,15.88977
111,273,33.63692
111,274,69.11647
111,275,139.90982
111,276,138.28198
111,277,209.56252
111,278,61.57248
111,279,362.31943
111,280,12283.82227
111,281,27934.27930
111,282,1149.85425
111,283,3672.37329
111,284,712123.68750
111,285,6931471872.00000
111,286,6931471872.00000
111,287,6931471872.00000
111,288,6931471872.00000
111,290,6931471872.00000
111,292,6931471872.00000
112,262,0.20179
112,263,0.25738
112,264,0.29024
112,265,0.38251
112,266,0.42848
112,267,0.28407
112,268,0.87715
112,269,1.47895
112,270,1.55842
112,271,2.85855
112,272,4.68057
112,273,7.95352
112,274,14.29783
112,275,57.28672
112,276,85.41521
112,277,42.47644
112,278,37.78274
112,279,15.40650
112,280,76.72559
112,281,1115.30835
112,282,86447.28125
112,283,13000.46777
112,284,6931471872.00000
112,285,17972.12500
112,286,6931471872.00000
112,287,6931471872.00000
112,289,6931471872.00000
113,266,0.32170
113,267,0.33633
113,268,0.55946
113,269,0.62777
113,270,1.11828
113,271,1.40848
113,272,2.67244
113,273,3.13979
113,274,5.14239
113,275,9.51897
113,276,25.87808
113,277,25.91418
113,278,45.25433
113,279,2551.57300
113,280,952.18231
113,281,2643.62256
113,282,1217.87195
113,283,57902.01953
113,284,5660.68115
113,285,7576236.00000
113,286,5653.11230
113,287,414041856.00000
113,288,266509.56250
113,289,6931471872.00000
113,290,3279810.00000
113,291,6931471872.00000
113,292,6931471872.00000
113,293,6931471872.00000
113,294,6931471872.00000
113,296,6931471872.00000
114,269,0.31557
114,270,0.38217
114,271,0.63343
114,272,0.74829
114,273,1.26806
114,274,2.61150
114,275,2.16231
114,276,3.90127
114,277,6.89170
114,278,547352.43750
114,279,64170.44141
114,280,6931471872.00000
114,281,1067637.12500
114,282,6931471872.00000
114,283,893.79889
114,284,75444.92188
114,285,4538.07031
114,286,6931471872.00000
114,287,4197.18359
114,288,6931471872.00000
114,289,22227.24219
114,290,6931471872.00000
114,291,4394360.50000
114,293,6931471872.00000
114,295,6931471872.00000
115,272,0.16653
115,273,0.16386
115,274,0.90646
115,275,1.78965
115,276,1.73586
115,277,2.72602
115,278,13.09012
115,279,35.07015
115,280,74.76648
115,281,78.48872
115,282,71.15645
115,283,179.10597
115,284,342.80640
115,285,1393.79590
115,286,1574.21790
115,287,37204.68359
115,288,1686.80762
115,289,183500.73438
115,290,14069.05762
115,291,3872263.25000
115,292,2364.53394
115,293,33245682.00000
115,294,37532040.00000
115,295,359959840.00000
115,296,1392325760.00000
115,297,316205596672.00000
115,298,6931471872.00000
115,299,6931471872.00000
115,300,156974928.00000
115,302,138961888.00000
115,304,11396838.00000
115,311,638249.87500
116,275,0.38093
116,276,0.51894
116,277,0.73680
116,278,4.59767
116,279,15.96605
116,280,15.20876
116,281,44.91364
116,282,48.86802
116,283,52.05536
116,284,98.77388
116,285,103.12947
116,286,381.45374
116,287,624.20349
116,288,2607.24512
116,289,822.66901
116,290,2457102.00000
116,291,9006.00488
116,292,6790053376.00000
116,293,941.84961
116,294,6931471872.00000
116,295,54202192.00000
116,296,6931471872.00000
116,297,382237152.00000
116,298,6931471872.00000
116,299,6931471872.00000
116,301,34698563584.00000
116,303,11202149376.00000
116,312,6931471872.00000
116,313,21175.27734
117,278,1.55608
117,279,3.24215
117,280,5.56140
117,281,9.86650
117,282,30.98780
117,283,15.48626
117,284,22.85904
117,285,37.81461
117,286,54.08684
117,287,111.12430
117,288,166.68282
117,289,493.71576
117,290,319.82727
117,291,895.48389
117,292,1148.20520
117,293,4028.96484
117,294,379.98584
117,295,215599.73438
117,296,347286.62500
117,297,1210162.25000
117,298,4196384.50000
117,299,7615929.50000
117,300,10062551.00000
117,301,44708932.00000
117,302,34005340.00000
117,303,60943828.00000
117,304,18462752.00000
117,305,1563324672.00000
117,306,6931471872.00000
117,307,33762316288.00000
117,308,26940260.00000
117,310,6931471872.00000
117,312,6931471872.00000
118,281,5.99721
118,282,15.53044
118,283,11.26143
118,284,9.49758
118,285,10.57753
118,286,17.50344
118,287,19.93642
118,288,26.73314
118,289,42.25084
118,290,80.48674
118,291,100.90736
118,292,396.76868
118,293,354.37885
118,294,1254.17139
118,295,96.37716
118,296,542.06403
118,297,6705.10156
118,298,6931471872.00000
118,299,2415059.25000
118,300,6931471872.00000
118,301,81331240.00000
118,302,6931471872.00000
118,303,174958704.00000
118,305,6931471872.00000
118,307,430673.65625
118,309,26312834.00000
118,314,398233.09375
119,284,8.02379
119,285,6.27094
119,286,8.79859
119,287,10.47032
119,288,11.26438
119,289,16.14001
119,290,27.60184
119,291,37.53273
119,292,30.31260
119,293,100.52322
119,294,110.06119
119,295,76.14043
119,296,166.61191
119,297,179.38568
119,298,2765.99268
119,299,97441.17188
119,300,107044.78906
119,301,2338203.75000
119,302,2390651.00000
119,303,4449381.00000
119,304,3100680.25000
119,305,4732278.50000
119,306,31082.37891
119,307,877.56647
119,308,26941.61328
119,309,378725.46875
119,310,1821424.12500
119,311,6931471872.00000
119,312,6931471872.00000
119,314,6931471872.00000
119,315,991.86646
119,316,1267.43591
119,317,1155.85608
119,318,3038739200.00000
119,319,6931471872.00000
119,320,6931471872.00000
119,322,6931471872.00000
120,287,3.23872
120,288,7.72296
120,289,2.53436
120,290,1.69189
120,291,6.37882
120,292,9.70542
120,293,8.68224
120,294,16.52077
120,295,24.33738
120,296,33.44749
120,297,31.90732
120,298,26.59904
120,299,133.71455
120,300,286.48560
120,301,852.25549
120,302,9077.47461
120,303,2221160.75000
120,304,6931471872.00000
120,305,3312.90601
120,306,6931471872.00000
120,307,159.85127
120,308,2819.56519
120,309,33243.45312
120,310,6931471872.00000
120,311,393517.46875
120,313,6931471872.00000
120,315,6931471872.00000
121,290,1.07684
121,291,1.42250
121,292,1.35282
121,293,1.30931
121,294,6.46558
121,295,10.20222
121,296,9.47611
121,297,11.99342
121,298,17.86187
121,299,60.50874
121,300,153.43060
121,301,168.90514
121,302,116.30291
121,303,343.85831
121,304,942.01056
121,305,422158.75000
121,306,1818.86902
121,307,291.99182
121,308,14.01714
121,309,25.93115
121,310,88.77920
121,311,112.88406
121,312,355.69617
121,313,332.06631
121,314,1882.46143
121,315,1571.92090
121,316,21682.74414
121,317,49429.09766
121,318,6931471872.00000
121,319,6931471872.00000
121,320,6931471872.00000
121,321,6931471872.00000
121,322,6931471872.00000
121,324,6931471872.00000
121,326,6931471872.00000
122,294,0.57894
122,295,0.64207
122,296,4.70366
122,297,2.89786
122,298,3.41883
122,299,2.42747
122,300,9.02580
122,301,14.43793
122,302,13.61707
122,303,15.26442
122,304,18.31147
122,305,24.78212
122,306,50.63460
122,307,94.62569
122,308,13.08028
122,309,15.32949
122,310,74.45517
122,311,366.65723
122,312,585.71649
122,313,2353.24243
122,314,3392.04712
122,315,18577.82812
122,316,63354.62500
122,317,94772.27344
122,318,6931471872.00000
122,319,13579.17871
122,321,72888.91406
123,297,0.45276
123,298,0.24488
123,299,0.21879
123,300,1.92065
123,301,17.22536
123,302,8.99690
123,303,9.78917
123,304,8.13135
123,305,10.05134
123,306,12.79885
123,307,20.80927
123,308,32.90643
123,309,5.68444
123,310,9.75239
123,311,36.73507
123,312,106.48729
123,313,135.52267
123,314,284.53522
123,315,386.86151
123,316,649.36609
123,317,903.41309
123,318,1582.46716
123,319,2191.78979
123,320,1121.30774
123,321,4306.42090
123,322,3113.86572
123,323,8199.17188
123,324,51869.10156
123,325,4211.43311
123,326,621854848.00000
123,327,6931471872.00000
123,328,6931471872.00000
123,330,6931471872.00000
123,332,6931471872.00000
123,333,498003.46875
124,300,0.54766
124,301,0.71331
124,302,0.98541
124,303,1.18481
124,304,2.11792
124,305,2.26132
124,306,2.62994
124,307,3.16843
124,308,4.28835
124,309,11.19043
124,310,6.92182
124,311,12.94230
124,312,15.42700
124,313,6931471872.00000
124,315,271461.96875
124,316,101.71350
124,317,166.60356
124,318,147.62131
124,319,358.67026
124,320,689.26044
124,322,10344.50293
124,323,6931471872.00000
124,324,6931471872.00000
124,325,3221.73975
124,337,6931471872.00000
125,303,0.71684
125,304,1.43413
125,305,1.35210
125,306,0.97373
125,307,1.63261
125,308,2.22284
125,309,1.47330
125,310,158.82947
125,311,320.08231
125,312,110.76646
125,313,11.90265
125,314,26.88198
125,315,30.13375
125,316,6931471872.00000
125,317,6931471872.00000
125,318,6931471872.00000
125,319,76.09101
125,320,106.54178
125,321,110.75121
125,323,161.13707
125,324,580.88538
125,325,758.52924
125,326,51.93099
125,327,114.20979
125,328,34462.49609
125,329,74215.50000
125,330,22854.86133
125,331,7101.59473
125,332,42000.46875
125,333,112472.34375
125,334,6013.61572
125,335,2860.64697
125,336,28123.72852
125,338,78436.78906
125,339,4273.43652
126,306,0.61908
126,307,0.48903
126,308,1.42619
126,309,2.26196
126,310,1.91550
126,311,2.86611
126,312,3.43826
126,313,1.96149
126,314,8.46059
126,315,24.60516
126,316,21.04949
126,317,39.78585
126,318,69.37453
126,321,36.74780
126,322,42.51847
126,326,78.71813
126,327,137.32117
126,328,76103.36719
126,329,89454.83594
126,331,7117.32959
126,333,404513.90625
126,335,16673423.00000
127,310,0.21854
127,311,1.31224
127,312,1.99714
127,313,2.22598
127,314,1.26237
127,315,4.14060
127,316,9.10914
127,317,10.13551
127,318,13.35978
127,319,23.56333
127,320,22.67063
127,321,4.36952
127,322,3.48462
127,323,3.25781
127,324,24.46759
127,325,57.45297
127,327,3.51513
127,328,1.15470
127,329,122.74092
127,330,298.48157
127,331,322.50922
127,332,195.31807
127,333,4919.30664
127,334,4890.33301
127,335,8099.99121
127,336,12200.35840
127,337,53639.73047
127,338,23678.47266
127,339,392826080.00000
128,313,0.96133
128,314,1.40274
128,315,1.06828
128,316,3.06119
128,317,5.89480
128,318,6.30855
128,319,9.50813
128,320,13.41756
128,321,21.19058
128,322,31.19860
128,323,30.11788
128,324,2.36522
128,325,2.14589
128,326,27.69512
128,329,1.84794
128,330,413.38431
128,331,1099.54150
128,332,1620.44836
128,333,620.22687
128,334,5700.69189
128,335,3033.71240
128,336,224642.46875
128,337,6090.80957
128,339,29770.98047
129,316,0.48039
129,317,0.56680
129,318,1.11871
129,319,1.21551
129,320,7.48234
129,321,7.89821
129,322,11.11220
129,323,14.71833
129,324,12.52018
129,325,16.35196
129,326,1.29058
129,327,1.80282
129,328,7.08177
129,330,0.97803
129,331,109.67326
129,332,161.75430
129,333,236.46883
129,334,203.78833
129,335,444.45560
129,336,469.81454
129,337,601.07318
129,338,639.51654
129,339,1364.59497
130,319,2.11454
130,320,2.04104
130,321,3.34838
130,322,3.90459
130,323,5.25310
130,324,5.49923
130,325,7.10680
130,326,5.97623
130,327,13.69321
130,328,0.86363
130,329,0.76576
130,330,78.06062
130,331,29.43426
130,332,46.64466
130,333,78.43720
130,334,118.41544
130,335,67.30162
130,336,158.32834
130,337,75.13200
130,338,315.60309
130,339,222.08667
131,323,1.11142
131,324,1.31474
131,325,1.56421
131,326,1.59076
131,327,1.79302
131,328,2.22821
131,329,6.13621
131,330,2.71951
131,331,2.55730
131,332,2.71176
131,333,25.67696
131,334,34.45623
131,335,47.99184
131,336,40.91423
131,337,66.72066
131,338,40.76962
131,339,114.31125
132,326,2.52083
132,327,2.32278
132,328,2.54772
132,329,3.14236
132,330,3.46739
132,331,3.83038
132,332,4.67161
132,333,4.15776
132,334,16.77961
132,335,21.22703
132,336,18.98153
132,337,19.30572
132,338,32.86171
132,339,17.88123
133,329,1.82038
133,330,2.28724
133,331,2.44813
133,332,2.38031
133,333,3.20773
133,334,1.80520
133,335,2.19703
133,336,13.05041
133,337,11.97822
133,338,3.31035
133,339,7.49786
134,332,17.10265
134,333,19.65388
134,334,29.42447
134,335,40.86364
134,336,40.33558
134,337,219.51665
134,338,361.26379
134,339,205.20718
135,336,23.20407
135,337,23.50871
135,338,109.43388
135,339,59.84101
136,339,48.46705
