n,z,halflife(Seconds),d-halflife
0,1,STABLE,
1,1,STABLE,
1,2,STABLE,
1,3,6.03,
2,1,388789632,631152
2,2,STABLE,
2,3,3.038e-22,
2,4,4.953260869565218e-21,3.2303875236294866e-22
2,5,3.255e-22,4.650000000000003e-23
2,6,1.981304347826087e-21,4.30718336483932e-22
3,2,7.595e-22,2.531666666666667e-23
3,3,STABLE,
3,4,4598208,5184
3,5,0.77,0.0030000000000000027
3,6,0.1265,0.0009000000000000119
4,1,7.994736842105262e-23,2.945429362880886e-23
4,2,0.8067000000000001,0.0015000000000000013
4,3,STABLE,
4,4,8.181328545780969e-17,3.672050514264347e-18
4,5,8.438888888888889e-19,3.281790123456789e-19
4,6,19.308,0.004000000000001336
4,7,5.4903614457831325e-22,1.9844679924517367e-23
4,8,1.1392499999999999e-21,7.120312499999999e-22
5,1,2.8481249999999997e-22,7.120312499999998e-23
5,2,3.038e-21,4.0506666666666654e-22
5,3,0.8399,0.0009000000000000119
5,4,STABLE,
5,5,STABLE,
5,6,1221.8400000000001,0.8400000000000318
5,7,0.011,0.00001599999999999952
5,8,0.00858,0.000050000000000000565
5,9,5.007692307692308e-22,5.502958579881656e-23
6,2,0.1191,0.0012000000000000066
6,3,0.17830000000000001,0.00040000000000001146
6,4,47651976000000,1262304000000
6,5,STABLE,
6,6,STABLE,
6,7,597.9,0.2400000000000091
6,8,70.62,0.015000000000000568
6,9,6.904545454545455e-22,2.0922865013774263e-24
6,10,9e-21,
7,4,13.76,0.07000000000000028
7,5,0.0202,0.000019999999999999185
7,6,STABLE,
7,7,STABLE,
7,8,122.24,0.1599999999999966
7,9,1.13925e-20,5.696249999999999e-21
7,10,0.1092,0.0005999999999999894
7,11,1.3e-21,4e-22
7,12,4e-12,1.4999999999999999e-12
8,2,1.519e-21,1.0126666666666666e-21
8,3,0.00875,0.00014000000000000037
8,4,0.02147,0.00003999999999999837
8,5,0.017329999999999998,0.00017000000000000175
8,6,179878320000,946728000
8,7,STABLE,
8,8,STABLE,
8,9,64.49,0.1599999999999966
8,10,1.667,0.0017000000000000348
8,12,0.0908,0.0024000000000000063
8,14,0.029,0.002
9,4,2.7e-21,1.8000000000000003e-21
9,5,0.01236,0.0002899999999999986
9,6,2.449,0.004999999999999893
9,7,7.13,0.019999999999999574
9,8,STABLE,
9,9,6586.2,3
9,10,17.22,0.019999999999999574
9,11,0.44789999999999996,0.0022999999999999965
9,12,122,
9,13,0.0911,0.0005000000000000004
9,14,0.0423,0.0003999999999999976
10,4,0.00435,0.00017
10,5,0.01018,0.000029999999999998778
10,6,0.747,0.008000000000000007
10,7,4.171,0.0040000000000000036
10,8,STABLE,
10,9,STABLE,
10,10,STABLE,
10,11,22.49,0.03999999999999915
10,12,3.8755,0.00010000000000021103
10,13,0.47,0.030000000000000027
10,14,0.1405,0.0015000000000000013
11,4,7.856896551724138e-22,2.7092746730083238e-22
11,6,0.191,0.006000000000000005
11,7,0.619,0.0020000000000000018
11,8,26.88,0.05000000000000071
11,9,11.07,0.0600000000000005
11,10,STABLE,
11,11,82106563.67999999,69426.72000000626
11,12,11.317,0.010999999999999233
11,13,2.053,0.0040000000000000036
11,14,0.22,0.0030000000000000027
11,15,0.0437,0.0006000000000000033
11,16,0.0155,0.0015000000000000005
12,4,5.696249999999999e-22,1.4240624999999996e-22
12,5,0.00508,0.0000499999999999997
12,6,0.092,0.0020000000000000018
12,7,0.336,0.0030000000000000027
12,8,13.51,0.05000000000000071
12,9,4.158,0.019999999999999574
12,10,STABLE,
12,11,STABLE,
12,12,STABLE,
12,13,7.183,0.011999999999999567
12,14,2.2453,0.000700000000000145
12,15,0.26,0.08000000000000002
12,16,0.125,0.010000000000000002
13,6,0.046200000000000005,0.004
13,7,0.136,0.0030000000000000027
13,8,3.42,0.10000000000000009
13,9,4.23,0.040000000000000036
13,10,37.24,0.11999999999999744
13,11,53989.2,43.20000000000073
13,12,STABLE,
13,13,22626799200000,757382400000
13,14,4.15,0.040000000000000036
13,15,0.27030000000000004,0.0005000000000000004
13,16,0.188,0.0040000000000000036
13,18,0.014400000000000001,0.000599999999999999
14,5,0.00292,0.0001299999999999999
14,6,0.0162,0.0034999999999999996
14,7,0.0848,0.006699999999999998
14,8,2.25,0.08999999999999986
14,9,2.23,0.014000000000000012
14,10,202.79999999999998,1.2000000000000028
14,11,59.1,0.6000000000000014
14,12,STABLE,
14,13,STABLE,
14,14,STABLE,
14,15,4.142,0.01499999999999968
14,16,1.178,0.004999999999999893
14,17,0.19,0.0010000000000000009
14,18,0.098,0.00020000000000000573
15,7,0.0195,0.002
15,8,0.097,0.008
15,9,0.382,0.016000000000000014
15,10,0.602,0.008000000000000007
15,11,1.07128,0.0002500000000000835
15,12,567.48,0.7200000000000273
15,13,134.70000000000002,0.11999999999999034
15,14,STABLE,
15,15,149.88000000000002,0.23999999999999488
15,16,2.5534,0.00010000000000021103
15,17,0.298,0.0010000000000000009
15,18,0.17300000000000001,0.0020000000000000018
15,20,0.0257,0.0001999999999999988
16,6,0.0060999999999999995,0.0013
16,7,0.0141,0.0012500000000000011
16,8,0.07200000000000001,0.0049999999999999975
16,9,0.08,0.008999999999999994
16,10,0.197,0.0020000000000000018
16,11,0.301,0.006000000000000005
16,12,75294,32.400000000001455
16,13,393.59999999999997,3.599999999999966
16,14,STABLE,
16,15,STABLE,
16,16,STABLE,
16,17,2.511,0.0040000000000000036
16,18,0.8445,0.0033999999999999586
16,19,0.178,0.007999999999999993
16,20,0.10200000000000001,0.0020000000000000018
17,8,6.3e-21,8.500000000000004e-22
17,9,0.008199999999999999,0.0009000000000000006
17,10,0.0315,0.0012999999999999973
17,11,0.0305,0.0003999999999999993
17,12,1.3,0.11999999999999988
17,13,3.62,0.06000000000000005
17,14,9441.6,15.599999999999454
17,15,1232755.2,432.0000000001164
17,16,STABLE,
17,17,1.5264,0.0014000000000000679
17,18,1.7756,0.0009999999999998899
17,19,0.342,0.0020000000000000018
17,20,0.1811,0.0010000000000000009
17,22,0.031,0.004999999999999999
18,8,4.5e-12,3.3e-12
18,9,0.005,0.00020000000000000052
18,10,0.02,0.0010000000000000009
18,11,0.0441,0.000899999999999998
18,12,0.317,0.0050000000000000044
18,13,0.644,0.025000000000000022
18,14,4828312800,599594400
18,15,2190240,9504
18,16,STABLE,
18,17,STABLE,
18,18,STABLE,
18,19,1.226,0.006999999999999895
18,20,0.44,0.01200000000000001
18,22,0.0524,0.0002999999999999982
18,24,0.013300000000000001,0.001
19,9,4.6000000000000004e-20,
19,10,0.015,0.003000000000000001
19,11,0.048,0.0020000000000000018
19,12,0.23600000000000002,0.020000000000000004
19,13,0.0319,0.0007999999999999969
19,14,6.11,0.20999999999999996
19,15,12.43,0.09999999999999964
19,16,7548768,3456.0000000004657
19,17,9498837600000,63115200000
19,18,3027456,3456
19,19,458.16,1.079999999999984
19,20,0.8596,0.0013999999999999568
19,21,0.18230000000000002,0.0006999999999999784
19,22,0.0819,0.0004999999999999935
19,24,21.2,
19,26,0.0024500000000000004,0.00022999999999999995
20,9,0.00267,0.0002099999999999999
20,10,0.00739,0.00011000000000000029
20,11,0.0174,0.0003999999999999976
20,12,0.08600000000000001,0.0049999999999999975
20,13,0.0417,0.00020000000000000226
20,14,2.77,0.20000000000000018
20,15,47.3,0.7000000000000028
20,16,STABLE,
20,17,STABLE,
20,18,STABLE,
20,19,STABLE,
20,21,0.5962999999999999,0.0017000000000000348
20,22,0.20865,0.000800000000000009
20,23,0.0793,0.0024000000000000063
20,24,0.0428,0.0006000000000000033
20,26,0.013000000000000001,0.002
20,28,0.0021000000000000003,0.001
21,10,0.0034,0.0008000000000000004
21,11,0.0132,0.0004000000000000002
21,12,0.08940000000000001,0.0010000000000000009
21,13,0.056299999999999996,0.0005999999999999998
21,14,0.78,0.12
21,15,5.6,0.2999999999999998
21,16,303,1.1999999999999886
21,17,2234.4,3
21,18,8488994400,94672800
21,19,39383884800000000,94672800000000
21,20,3136825440000,47336400000
21,21,0.6807000000000001,0.00027999999999994696
21,22,0.509,0.0050000000000000044
21,23,0.111,0.006999999999999999
21,24,0.0609,0.00040000000000000105
21,25,0.0362,0.0003999999999999976
21,26,0.0219,0.0001999999999999988
21,28,0.0075,0.001
22,10,0.0035,0.0009
22,11,0.0081,0.0004000000000000006
22,12,0.02,0.009999999999999998
22,13,0.0376,0.0013999999999999985
22,14,0.45,0.06
22,15,2.31,0.1299999999999999
22,16,10218,41.99999999999909
22,17,3372,36.00000000000023
22,18,STABLE,
22,19,STABLE,
22,20,STABLE,
22,21,14007.6,43.19999999999982
22,22,1893456000,34713360
22,23,0.547,0.006000000000000005
22,24,0.26,0.06
22,25,0.088,0.0013000000000000025
22,26,0.0453,0.0005999999999999998
22,28,0.0185,0.0011999999999999997
23,11,0.005,0.0009000000000000006
23,12,0.011300000000000001,0.0005999999999999998
23,13,0.094,0.037000000000000005
23,14,0.09,0.06
23,15,0.64,0.14
23,16,11.5,0.5
23,17,81,1.1999999999999957
23,18,6576.6,2.400000000000091
23,19,44478,25.19999999999709
23,20,STABLE,
23,21,14292,144
23,22,11088,30
23,23,0.4225,0.00011000000000002674
23,24,0.5,0.015000000000000013
23,25,0.1581,0.0021999999999999936
23,26,0.06470000000000001,0.0002999999999999947
23,27,0.0388,0.00020000000000000226
23,28,0.0238,0.0001999999999999988
24,11,0.0018000000000000002,0.0004999999999999999
24,12,0.0058,0.0019000000000000004
24,13,0.0107,0.0013000000000000008
24,14,0.095,0.009999999999999995
24,15,0.28,0.039999999999999994
24,16,8.8,2.1999999999999997
24,17,38.4,0.7999999999999972
24,18,1038245040,34713360.00000006
24,19,80280,360.0000000000073
24,20,STABLE,
24,21,STABLE,
24,22,STABLE,
24,23,1956,17.999999999999886
24,24,77616,108.00000000000728
24,25,0.382,0.007000000000000006
24,26,0.155,0.010999999999999996
24,28,0.040799999999999996,0.00020000000000000226
24,30,0.00159,0.00047500000000000005
25,12,0.008,0.004
25,13,0.0076,0.0005999999999999994
25,14,0.0475,0.0020000000000000018
25,15,0.15,0.007999999999999993
25,16,2.6,0.014000000000000012
25,17,6.8,0.2999999999999998
25,18,322.2,3.599999999999966
25,19,1327.8,11.400000000000091
25,20,14049504.000000002,7776.000000000931
25,21,7239456.000000001,3456.0000000004657
25,22,STABLE,
25,23,1380110.4,216
25,24,2538,6.000000000000227
25,25,0.28319,0.00010000000000001674
25,26,0.305,0.0050000000000000044
25,27,0.10400000000000001,0.006999999999999999
25,28,0.055200000000000006,0.0007000000000000027
25,30,0.0198,0.0013000000000000008
26,13,0.0076,0.0015999999999999999
26,14,0.033,0.0010000000000000009
26,15,0.101,0.0049999999999999975
26,16,1.03,0.030000000000000027
26,17,3.1750000000000003,0.09000000000000008
26,18,712.1999999999999,3.000000000000057
26,19,1068.6,36.59999999999991
26,21,289370.88,51.83999999999651
26,22,STABLE,
26,23,28512000,1296000
26,25,2772,6.000000000000227
26,26,29790,28.799999999997453
26,27,0.24,0.020000000000000004
26,28,0.11420000000000001,0.00030000000000000165
26,29,0.027,0.008000000000000002
26,30,0.03,0.0016999999999999984
27,14,0.02,0.0024999999999999988
27,15,0.0485,0.0015000000000000013
27,16,0.273,0.026999999999999996
27,17,0.65,0.050000000000000044
27,18,21.48,0.14999999999999858
27,19,105,10
27,20,391910.39999999997,259.20000000001164
27,21,157212,324.00000000001455
27,22,STABLE,
27,24,2393496,207.36000000010245
27,25,483062.4,259.20000000001164
27,26,510.59999999999997,1.1999999999999602
27,27,0.193,0.007000000000000006
27,28,0.2047,0.003699999999999981
27,29,0.093,0.0030000000000000027
27,30,0.038,0.004
28,14,0.0125,0.0034999999999999996
28,15,0.0365,0.0014999999999999979
28,16,0.1,0.0010000000000000009
28,17,0.4,0.04300000000000001
28,18,8.4,0.5999999999999996
28,19,17.5,0.23999999999999844
28,21,3430.8,7.800000000000182
28,22,STABLE,
28,23,STABLE,
28,24,STABLE,
28,25,118025424000000,1262304000000
28,26,STABLE,
28,27,63108.00000000001,108.00000000000364
28,28,524880,863.9999999999709
28,29,0.1963,0.0006999999999999923
28,30,0.08600000000000001,0.008
29,15,0.0185,0.0025000000000000005
29,16,0.068,0.0020000000000000018
29,17,0.232,0.0020000000000000018
29,18,1.23,0.030000000000000027
29,19,6.83,0.020000000000000018
29,20,523.08,0.36000000000001364
29,21,102.5,0.5
29,22,345.59999999999997,0.5999999999999943
29,23,224.57999999999998,0.29999999999999716
29,24,STABLE,
29,25,26974080,17279.999999998137
29,26,86594054.4,284018.39999999106
29,27,6673190.4,2246.399999999441
29,28,128160,216.00000000000728
29,29,3.204,0.007000000000000117
29,30,0.182,0.00180000000000001
29,31,0.07,0.013000000000000001
29,32,0.044,0.006000000000000002
30,16,0.05,0.008
30,17,0.101,0.005999999999999998
30,18,0.424,0.023999999999999994
30,19,1.2630000000000001,0.04999999999999993
30,20,13.9,0.5999999999999996
30,21,12.4,0.09999999999999964
30,22,102,6.000000000000007
30,23,92.58,0.8400000000000034
30,24,STABLE,
30,25,STABLE,
30,26,STABLE,
30,27,23478336,5184
30,28,STABLE,
30,29,81.5,0.5
30,30,142.79999999999998,2.999999999999986
30,31,0.167,0.0030000000000000027
30,32,0.129,0.035
31,17,2.0000000000000002e-7,
31,18,0.23600000000000002,0.007999999999999993
31,19,0.47200000000000003,0.0040000000000000036
31,20,10,0.7999999999999998
31,21,0.2,0.2
31,22,32.7,0.8999999999999986
31,23,49.8,0.5
31,24,209.82,0.18000000000000682
31,25,9284.039999999999,0.36000000000149157
31,26,STABLE,
31,27,6122304,5184
31,28,2398377600000,157788000000
31,29,1422,23.999999999999886
31,30,89.1,0.20000000000000284
31,31,0.116121,0.000021000000000000185
31,32,0.15,0.008999999999999994
31,33,0.018000000000000002,0.025
31,34,0.033,0.003999999999999998
32,16,2.0000000000000002e-7,
32,17,1.7000000000000001e-7,
32,18,0.106,0.005999999999999998
32,19,0.365,0.0050000000000000044
32,20,4.6000000000000005,0.029999999999999805
32,21,2.4,0.6
32,22,2.1,1
32,23,6.54,0.15000000000000036
32,24,356.40000000000003,5.999999999999972
32,25,85.4,1.7999999999999972
32,26,STABLE,
32,27,STABLE,
32,28,STABLE,
32,29,12020.4,28.800000000000182
32,30,33069.6,46.79999999999927
32,31,32.4,0.5
32,32,63.7,2.5
32,33,0.128,0.016000000000000007
32,34,0.042,0.012
33,19,0.11,0.0050000000000000044
33,20,0.461,0.09000000000000002
33,21,0.526,0.015000000000000013
33,22,1.3,0.10000000000000009
33,23,0.216,0.0040000000000000036
33,24,21.1,1
33,25,3,0.10000000000000009
33,26,3844368,777.5999999998603
33,27,166344192,12096
33,28,STABLE,
33,29,580.38,0.4799999999999045
33,30,2308.2,2.9999999999997726
33,31,157.61999999999998,0.7199999999999989
33,32,30.9,0.5
33,33,0.09577,0.00023000000000000104
33,34,0.136,0.011999999999999997
33,36,0.028,0.0010000000000000009
34,19,0.03,0.005000000000000001
34,20,0.107,0.013999999999999999
34,21,0.096,0.0020000000000000018
34,22,0.2,0.0050000000000000044
34,23,0.34700000000000003,0.009999999999999981
34,24,7,0.2999999999999998
34,25,4.59,0.04999999999999982
34,26,82680912000000,1262304000000
34,27,5936.4,17.999999999999545
34,28,STABLE,
34,29,STABLE,
34,30,2.209032e+28,
34,31,912,11.999999999999943
34,32,8135.999999999999,179.9999999999991
34,33,42.5,1.2000000000000028
34,34,35.5,0.7000000000000028
34,36,0.04,0.005999999999999998
35,19,0.01,0.004999999999999999
35,20,0.022,0.002
35,21,0.031,0.005000000000000001
35,22,0.098,0.0050000000000000044
35,23,0.19,0.010000000000000009
35,24,1.05,0.09000000000000002
35,25,0.28,0.020000000000000018
35,26,358.8,3.599999999999966
35,27,90,2.4000000000000057
35,28,3193629120,47336400
35,29,45723.6,7.200000000000728
35,30,21075552,7776
35,31,34164,108
35,32,1134,18.000000000000114
35,33,151.6,0.8000000000000114
35,34,27.4,0.1999999999999993
35,35,0.07909999999999999,0.0008000000000000021
35,36,0.1,0.0030000000000000027
36,20,0.011,0.002
36,21,0.002,0.002
36,22,0.058,0.009000000000000001
36,23,0.092,0.009000000000000001
36,24,0.492,0.012999999999999984
36,25,0.709,0.007999999999999952
36,26,68,2
36,27,27.4,0.5
36,28,STABLE,
36,29,STABLE,
36,30,STABLE,
36,31,281810.88,43.20000000001164
36,32,23408352,11232
36,33,912,11.999999999999943
36,34,2466,17.999999999999773
36,35,21.4,0.6000000000000014
36,36,17.1,0.1999999999999993
36,38,0.027,0.008000000000000002
37,21,0.012,0.005000000000000001
37,22,0.0285,0.0024999999999999988
37,23,0.04,0.015
37,24,0.234,0.009999999999999995
37,25,0.092,0.012999999999999998
37,26,6.1,0.5999999999999996
37,27,0.3,0.02999999999999997
37,28,9063,1.8000000000010914
37,29,307.2,0.8400000000000034
37,30,STABLE,
37,31,4062.5999999999995,5.400000000000318
37,32,140580,360.00000000001455
37,33,3156,17.999999999999773
37,34,284.40000000000003,2.9999999999999716
37,35,78.6,2.4000000000000057
37,36,27.3,1
37,37,0.06490000000000001,0.0005000000000000004
37,38,0.088,0.0029999999999999957
38,22,0.0222,0.002
38,23,0.048299999999999996,0.0010000000000000009
38,24,0.2,0.011999999999999997
38,25,0.276,0.006000000000000005
38,26,2,0.20000000000000007
38,27,1.16,0.030000000000000027
38,28,196560,1079.9999999999854
38,29,222588,431.99999999998545
38,30,STABLE,
38,31,STABLE,
38,32,STABLE,
38,33,235080,251.99999999998545
38,34,725760,6912
38,35,204,12.000000000000014
38,36,690,6.599999999999909
38,37,19,1.1999999999999993
38,38,7.89,0.07000000000000028
38,39,0.057,0.017
39,22,0.015,0.004
39,23,0.0335,0.0020000000000000018
39,24,0.129,0.0020000000000000018
39,25,0.09,0.003999999999999997
39,26,0.81,0.04999999999999999
39,27,0.209,0.019000000000000003
39,28,21,1
39,29,30.9,0.6000000000000014
39,30,3384,54
39,31,1268.4,1.8000000000000682
39,32,987552,2591.999999999942
39,33,93600,360
39,34,25740,288
39,35,1524,18.000000000000114
39,36,276,4.200000000000017
39,37,36.5,0.6000000000000014
39,38,9,0.1999999999999993
39,39,0.053,0.008
39,40,0.056,0.030000000000000002
40,23,0.019600000000000003,0.0009999999999999992
40,24,0.0429,0.0010000000000000009
40,25,0.09190000000000001,0.000900000000000005
40,26,0.35100000000000003,0.005999999999999978
40,27,0.329,0.027999999999999997
40,28,29,2
40,29,171,9
40,30,7.258248e+24,
40,31,STABLE,
40,32,STABLE,
40,33,6937920,5184
40,34,STABLE,
40,35,5802,78
40,36,53280,359.99999999999636
40,37,226.2,2.3999999999999915
40,38,160,8
40,39,14.8,0.5999999999999996
40,40,4.6,0.5999999999999999
41,23,0.015,0.002
41,24,0.028,0.002999999999999999
41,25,0.065,0.002
41,26,0.395,0.009000000000000008
41,27,0.099,0.03
41,28,11.4,0.3000000000000007
41,29,44.5,0.20000000000000284
41,30,147,6.000000000000014
41,31,50760,72
41,32,STABLE,
41,33,1535328,1728
41,34,10348992,4320
41,35,58320,719.9999999999964
41,36,4464,35.999999999999545
41,37,1059.6,1.8000000000000682
41,38,135,6
41,39,30.1,0.5
41,40,5.5,0.40000000000000036
41,41,0.05,0.005000000000000001
41,42,0.006,0.0165
42,24,0.023,0.004
42,25,0.047,0.004
42,26,0.188,0.006000000000000005
42,27,0.18,0.020000000000000004
42,28,6,0.2999999999999998
42,29,19.4,1.6000000000000014
42,30,167400,360
42,31,17496,108.00000000000182
42,32,STABLE,
42,33,STABLE,
42,34,STABLE,
42,35,205329.6,21.60000000000582
42,36,4.73364e+28,
42,37,1374,30
42,38,6378,90
42,39,70.4,1
42,40,32,5
42,41,3.9,0.19999999999999996
42,42,2.3,0.29999999999999993
42,43,0.5,
43,25,0.028,0.004
43,26,0.162,0.007000000000000006
43,27,0.014,0.007000000000000001
43,28,2.56,0.029999999999999805
43,29,6.63,0.03000000000000025
43,30,23.5,1
43,31,487.19999999999993,7.199999999999989
43,32,4966.8,2.4000000000005457
43,33,94538.88,60.479999999995925
43,34,STABLE,
43,35,387,2.4000000000000057
43,36,126144,360.0000000000073
43,37,33.4,0.7000000000000028
43,38,1338,23.999999999999886
43,39,8.3,0.1999999999999993
43,40,42,2
43,41,9.8,0.9000000000000004
43,42,3.2,0.20000000000000018
43,43,0.055,0.006999999999999999
44,25,0.016,0.004
44,26,0.063,0.005000000000000001
44,27,0.08,0.0030000000000000027
44,28,1.587,0.09299999999999997
44,29,4.2,0.2999999999999998
44,30,95.6,1.2000000000000028
44,31,126,2
44,32,STABLE,
44,33,139788,179.99999999998545
44,34,STABLE,
44,35,STABLE,
44,36,STABLE,
44,37,16459.2,14.399999999997817
44,38,2189376,1728
44,39,424.8,4.800000000000011
44,40,1548,30
44,41,20.5,1.1999999999999993
44,42,19.1,0.3000000000000007
44,43,2.2,0.20000000000000018
44,44,1.2,0.25
45,26,0.035,0.007000000000000001
45,27,0.0573,0.0020000000000000018
45,28,0.842,0.02999999999999997
45,29,1.594,0.010000000000000009
45,30,10.2,0.1999999999999993
45,31,32.6,0.6000000000000014
45,32,40680,36
45,33,5442,12
45,34,10287777600000,883612800000
45,35,1060.8,1.2000000000000455
45,36,7226690400000,347133600000
45,37,75.45,0.012000000000000455
45,38,116675.99999999999,108
45,39,2370,48
45,40,471.6,2.3999999999999773
45,41,88,1
45,42,14.02,0.2599999999999998
45,43,6.4,0.7999999999999998
45,44,1.5,0.19999999999999996
45,45,0.012,0.006500000000000001
46,26,0.019,0.004
46,27,0.0405,0.0012999999999999956
46,28,0.5077,0.004599999999999993
46,29,1.224,0.0029999999999998916
46,30,5.7,0.2999999999999998
46,31,13.2,0.1999999999999993
46,32,5280,60
46,33,540.6,9.000000000000057
46,34,STABLE,
46,35,STABLE,
46,36,STABLE,
46,37,7447680,8639.999999999534
46,38,STABLE,
46,39,9648,179.9999999999991
46,40,59400,360.0000000000073
46,41,222,6.000000000000014
46,42,480,11.999999999999972
46,43,12.8,0.9000000000000004
46,44,11.7,0.9000000000000004
46,45,1.47,0.21999999999999997
46,46,0.7,0.30000000000000004
47,27,0.0314,0.0014999999999999996
47,28,0.33180000000000004,0.0032000000000000084
47,29,0.638,0.009000000000000008
47,30,2.08,0.04999999999999982
47,31,5.09,0.04999999999999982
47,32,18.98,0.030000000000001137
47,33,15.2,0.1999999999999993
47,34,1107,7.2000000000000455
47,35,127015.19999999998,25.199999999989814
47,36,STABLE,
47,37,2835648,6048
47,38,5602953.600000001,604.8000000002794
47,39,53064,72
47,40,6048,36
47,41,873,6.599999999999966
47,42,126.6,6
47,43,8.7,0.1999999999999993
47,44,8,0.40000000000000036
47,45,5.7,0.09999999999999964
47,46,1,0.09000000000000002
47,47,0.026000000000000002,0.0175
48,27,0.0265,0.0011999999999999997
48,28,0.2347,0.00269999999999998
48,29,0.4681,0.0020000000000000018
48,30,1.47,0.1499999999999999
48,31,2.847,0.0030000000000001137
48,32,29.5,0.3999999999999986
48,33,33.3,0.7999999999999972
48,34,STABLE,
48,35,8546.4,14.400000000000546
48,36,STABLE,
48,37,STABLE,
48,38,STABLE,
48,39,287280,1080
48,40,7205760.000000001,25919.999999999534
48,41,7307.999999999999,252
48,42,20016,323.9999999999982
48,43,188.4,1.2000000000000028
48,44,219,2.999999999999986
48,45,12.2,0.6999999999999993
48,46,9.6,0.1999999999999993
48,47,1.75,0.1200000000000001
48,48,1.03,0.22499999999999998
49,27,0.0217,0.00345
49,28,0.1584,0.004150000000000015
49,29,0.335,0.01100000000000001
49,30,0.746,0.04200000000000004
49,31,1.9,0.10000000000000009
49,32,7.6,0.5999999999999996
49,33,19.1,0.5
49,34,1335,2.3999999999998636
49,35,1905.6000000000001,4.7999999999999545
49,36,338897066.40000004,441806.39999997616
49,37,1610668.8,1555.2000000000698
49,38,STABLE,
49,39,9212486.4,1814.4000000003725
49,40,282276,432
49,41,52560,180.00000000000364
49,42,929.4,0.5999999999999659
49,43,255,9.000000000000014
49,44,59.7,0.6000000000000014
49,45,66,6
49,46,5,3
49,47,4.4,0.05999999999999961
49,48,1.1,0.07000000000000006
49,49,0.032,0.0215
50,27,0.013000000000000001,0.0037999999999999996
50,28,0.1222,0.005099999999999993
50,29,0.241,0.0031999999999999945
50,30,0.5619,0.0030000000000000027
50,31,1.217,0.004999999999999893
50,32,4.56,0.2599999999999998
50,33,13.4,0.40000000000000036
50,34,195.6,6
50,35,174,3.6000000000000085
50,36,STABLE,
50,37,1568412720000000000,9467280000000000
50,38,STABLE,
50,39,STABLE,
50,40,STABLE,
50,41,21459168000,4102488000
50,42,STABLE,
50,43,9900,180
50,44,3108,36.00000000000023
50,45,301.2,5.999999999999972
50,46,122,2
50,47,25.5,0.3000000000000007
50,48,9.2,0.3000000000000007
50,49,3,0.7999999999999998
50,50,1.16,0.19999999999999996
51,28,0.043000000000000003,0.008049999999999998
51,29,0.17,0.08000000000000002
51,30,0.3035,0.002899999999999986
51,31,0.599,0.0020000000000000018
51,32,1.85,0.06000000000000005
51,33,4.02,0.030000000000000027
51,34,32.9,0.29999999999999716
51,35,55.1,0.3999999999999986
51,36,4578,30
51,37,1066.3799999999999,0.6599999999999682
51,38,4368643.2,2160
51,39,230590.8,71.99999999998545
51,40,STABLE,
51,41,1095048720000000,75738240000000
51,42,126230400000,25246080000
51,43,17580,60
51,44,5914.8,46.79999999999973
51,45,594,6
51,46,186,5.3999999999999915
51,47,47.5,0.29999999999999716
51,48,16,3
51,49,5.8,0.20000000000000018
51,50,1.7,0.30000000000000004
52,28,0.024,0.021500000000000002
52,30,0.228,0.010000000000000009
52,31,0.30810000000000004,0.0010000000000000009
52,32,0.954,0.014000000000000012
52,33,2.021,0.01200000000000001
52,34,14.3,0.3000000000000007
52,35,55.65,0.13000000000000256
52,36,10170,68.40000000000055
52,37,919.2,6
52,38,912014640,946728.0000000596
52,39,5055264,5184
52,40,STABLE,
52,41,STABLE,
52,42,STABLE,
52,43,72000,360
52,44,STABLE,
52,45,1842,36.000000000000114
52,46,1062,18
52,47,124,3
52,48,49.1,0.5
52,49,15.1,0.3000000000000007
52,50,3.8,0.20000000000000018
53,30,0.117,0.020000000000000004
53,31,0.085,0.010000000000000002
53,32,0.503,0.018000000000000016
53,33,0.945,0.008000000000000007
53,34,5.5,0.13999999999999968
53,35,16.34,0.0799999999999983
53,36,189,2.4000000000000057
53,37,158,5
53,38,34740,216
53,39,12744,36
53,40,50807736000000,1577880000000
53,41,640619280000,50492160000
53,42,STABLE,
53,43,369792,6048.000000000029
53,44,244512,19872
53,45,523.2,7.199999999999932
53,46,1284,11.999999999999886
53,47,120.6,5.3999999999999915
53,48,81.60000000000001,3
53,49,23.3,0.10000000000000142
53,50,7,0.20000000000000018
53,51,0.44,0.12999999999999998
53,52,6.2e-7,6.999999999999997e-8
54,31,0.092,0.0040000000000000036
54,32,0.226,0.02099999999999999
54,33,0.484,0.04000000000000001
54,34,1.53,0.06000000000000005
54,35,4.357,0.02200000000000024
54,36,32.32,0.09000000000000341
54,37,58.2,0.29999999999999716
54,38,9576,144
54,39,36648,288
54,40,STABLE,
54,41,3023222.4,518.3999999999069
54,42,STABLE,
54,43,132857496000000,5049216000000
54,44,STABLE,
54,45,1391040.0000000002,17279.999999999884
54,46,313632,7776
54,47,666,18.000000000000057
54,48,330,30
54,49,65,7
54,50,20.8,0.5
54,51,1.22,0.1100000000000001
54,52,0.00007,0.000017
55,31,0.043000000000000003,0.018000000000000002
55,32,0.14,
55,33,0.2,
55,34,0.43,0.04999999999999999
55,35,1.92,0.020000000000000018
55,36,8.57,0.03999999999999915
55,37,4.492,0.019999999999999574
55,38,445.79999999999995,1.8000000000000398
55,39,1122,6.000000000000114
55,40,5532364.8,518.3999999999069
55,41,84060,180.00000000000728
55,42,STABLE,
55,43,132541920000000,9467280000000
55,44,STABLE,
55,45,74880,360.0000000000073
55,46,30492.000000000004,216.00000000000182
55,47,774,18.000000000000057
55,48,438,5.999999999999972
55,49,108,1.8000000000000043
55,50,32.7,0.5
55,51,0.6,0.20000000000000004
55,52,0.0031000000000000003,0.00010000000000000005
55,53,0.036000000000000004,0.006000000000000002
55,54,0.013000000000000001,0.002
56,32,3.0000000000000004e-7,
56,34,0.195,0.07999999999999999
56,35,0.543,0.0040000000000000036
56,36,1.84,0.008000000000000007
56,37,5.84,0.019999999999999574
56,38,75.3,0.20000000000000284
56,39,618,5.999999999999943
56,40,7.416036e+26,6.627096000000003e+25
56,41,4326,42.000000000000455
56,42,STABLE,
56,43,6661809360000,37869120000
56,44,STABLE,
56,45,104140080,9467279.999999993
56,46,STABLE,
56,47,3942,42.00000000000023
56,48,3462,60
56,49,304.20000000000005,4.200000000000017
56,50,115,5
56,51,4,0.20000000000000018
56,52,2.1,0.10000000000000009
56,53,0.0000935,2.9999999999999374e-7
56,54,0.093,0.0030000000000000027
57,32,3.0000000000000004e-7,
57,34,0.27,0.04999999999999999
57,35,0.314,0.016000000000000014
57,36,1.286,0.010000000000000009
57,37,2.702,0.004999999999999893
57,38,23.9,0.14000000000000057
57,39,5.34,0.04999999999999982
57,40,60296.399999999994,28.799999999995634
57,41,2.86,0.06000000000000005
57,42,237513.6,86.40000000000873
57,43,15.46,0.1899999999999995
57,44,STABLE,
57,45,17910720,146879.99999999814
57,46,1468022.4,1641.5999999998603
57,47,4152,60
57,48,3330,24
57,49,372,5.999999999999972
57,50,174,2.999999999999986
57,51,7.4,0.2999999999999998
57,52,4.6,0.2999999999999998
57,53,0.65,0.020000000000000018
57,54,0.81,0.19999999999999996
57,55,0.00049,0.00003000000000000005
58,35,0.10200000000000001,0.010000000000000002
58,36,0.212,0.0049999999999999906
58,37,0.3777,0.0007999999999999952
58,38,1.07,0.010000000000000009
58,39,3.75,0.029999999999999805
58,40,30.7,0.3999999999999986
58,41,15,0.1999999999999993
58,42,2.3037048e+26,1.262303999999999e+25
58,43,841.1999999999999,0.5999999999999659
58,44,STABLE,
58,45,STABLE,
58,46,STABLE,
58,47,3567456,6048
58,49,1944,17.999999999999886
58,50,618,4.800000000000011
58,51,17,0.6999999999999993
58,52,18.6,0.8000000000000007
58,53,2.5,0.20000000000000018
58,54,2.7,0.7999999999999999
58,55,0.0000177,3.9999999999999786e-7
58,56,0.43,0.22499999999999998
59,35,0.07,0.019999999999999997
59,36,0.114,0.0030000000000000027
59,37,0.203,0.0030000000000000027
59,38,0.429,0.0050000000000000044
59,39,0.548,0.0020000000000000018
59,40,2.1,0.10000000000000009
59,41,1.5,0.19999999999999996
59,42,876.5999999999999,1.8000000000000114
59,43,5.28,0.15000000000000036
59,44,3390940.8,1123.1999999999534
59,45,42.3,0.3999999999999986
59,46,STABLE,
59,47,1437.6000000000001,2.3999999999999773
59,48,23400,72
59,49,3480,72
59,50,1080,12
59,51,23,0.3999999999999986
59,52,19.3,0.3999999999999986
59,53,3.34,0.08000000000000007
59,54,2.74,0.08000000000000007
59,55,0.57,0.020000000000000018
59,56,0.45,0.04999999999999999
60,35,1.5000000000000002e-7,
60,36,0.08,0.006000000000000005
60,37,0.1691,0.0005999999999999894
60,38,0.653,0.0020000000000000018
60,39,1.484,0.006999999999999895
60,40,7.1,0.40000000000000036
60,41,7.1,0.2999999999999998
60,42,678,11.999999999999943
60,43,54.2,0.7999999999999972
60,44,STABLE,
60,45,127296,216.00000000000728
60,46,STABLE,
60,47,STABLE,
60,49,15001.199999999999,64.79999999999927
60,50,14796.000000000002,359.9999999999991
60,51,75,1
60,52,120,12
60,53,6.6,0.20000000000000018
60,54,10,0.40000000000000036
60,55,1.4,0.8000000000000002
60,56,1.3,0.19999999999999996
60,57,0.0235,0.0026000000000000016
61,35,1.5000000000000002e-7,
61,36,0.063,0.004
61,37,0.10200000000000001,0.003999999999999997
61,38,0.269,0.0010000000000000009
61,39,0.735,0.007000000000000006
61,40,2.3,0.10000000000000009
61,41,4.3,0.40000000000000013
61,42,67.5,1.5
61,43,1098,18
61,44,15984.000000000002,71.99999999999818
61,45,30.07,0.3500000000000014
61,46,205124400000000,9467280000000
61,47,142.92000000000002,0.6600000000000108
61,48,39864960,103680
61,49,17640,359.9999999999982
61,50,2118,36.00000000000023
61,51,53.5,0.6000000000000014
61,52,102,12
61,53,2.1,0.20000000000000007
61,54,18,4
61,55,0.7,0.040000000000000036
61,56,1.75,0.07000000000000006
62,36,0.046,0.008
62,37,0.054,0.004
62,38,0.202,0.0030000000000000027
62,39,0.45,0.020000000000000018
62,40,2.9,0.20000000000000018
62,41,1.5,0.19999999999999996
62,42,60,2
62,43,456,5.999999999999972
62,44,32123520,155520.00000000186
62,45,1302,23.999999999999886
62,46,STABLE,
62,47,STABLE,
62,48,STABLE,
62,49,242326.08,34.55999999999767
62,51,400.2,4.200000000000017
62,52,912,41.99999999999994
62,53,78,12
62,54,59,2
62,55,8.4,0.5999999999999996
62,56,5.5,0.20000000000000018
62,59,0.01,0.0045000000000000005
63,36,0.013000000000000001,0.02
63,37,0.051000000000000004,0.008
63,38,0.11800000000000001,0.0029999999999999957
63,39,0.36,0.03999999999999998
63,40,1.32,0.1100000000000001
63,41,4.9,0.2999999999999998
63,42,35.6,1.6000000000000014
63,43,35.6,0.6000000000000014
63,44,225,3
63,45,16.8,0.5
63,46,49324.32,8.639999999999418
63,47,24.6,0.1999999999999993
63,48,STABLE,
63,49,892.8000000000001,10.199999999999989
63,50,9943776,2592
63,51,209.4,1.799999999999983
63,52,348,12
63,53,2.91,0.1499999999999999
63,54,61,2
63,55,14,2
63,56,5.4,0.2999999999999998
63,57,2.8,0.20000000000000018
63,58,1.1,0.10000000000000009
63,59,0.5,
64,36,0.007,0.007000000000000001
64,37,0.032,0.004999999999999999
64,38,0.069,0.005999999999999998
64,39,0.23,0.01999999999999999
64,40,0.87,0.05999999999999994
64,41,2.95,0.06000000000000005
64,42,8.73,0.11999999999999922
64,43,21.2,0.1999999999999993
64,44,273,3
64,45,80,2
64,46,STABLE,
64,47,643680,864
64,48,STABLE,
64,49,STABLE,
64,50,STABLE,
64,51,1926,18
64,52,8964,144
64,53,133.20000000000002,2.4000000000000057
64,54,228,54
64,55,43,0.20000000000000284
64,56,24,2
64,57,5.3,0.20000000000000018
64,59,0.8,
65,37,0.037,0.002999999999999999
65,38,0.053,0.009999999999999998
65,39,0.197,0.0040000000000000036
65,40,0.67,0.028000000000000025
65,41,1.02,0.050000000000000044
65,42,3.5,0.5
65,43,5.17,0.07000000000000028
65,44,34.5,1
65,45,28.5,1.5
65,46,1404,11.999999999999886
65,47,11268,28.800000000000182
65,48,2.524608e+23,8.204975999999992e+21
65,49,71.9,0.09999999999999432
65,50,STABLE,
65,51,948,48.00000000000006
65,52,3720,120
65,53,822,30
65,54,348,18
65,55,61.3,1.1000000000000014
65,56,29.7,1.5
65,57,8.6,0.5
65,58,3.8,0.20000000000000018
65,59,1.2,0.19999999999999996
65,60,0.65,0.15000000000000002
66,37,0.023,0.011000000000000003
66,38,0.053,0.005000000000000001
66,39,0.095,0.009000000000000001
66,40,0.18,0.008999999999999994
66,41,0.3,0.009000000000000008
66,42,1.09,0.020000000000000018
66,43,0.86,0.040000000000000036
66,44,11.6,0.5999999999999996
66,45,11,1
66,46,75744,612.0000000000073
66,47,19332,180
66,49,1.39169016e+22,788940000000000100000
66,50,STABLE,
66,51,10080,35.99999999999909
66,52,518400,1727.9999999999418
66,53,1146,23.999999999999886
66,54,2400,60
66,55,155,4
66,56,117,9
66,57,17,3
66,58,6,2
66,59,3.3,0.7000000000000002
67,38,0.039,0.0049999999999999975
67,39,0.079,0.0075
67,40,0.146,0.00399999999999999
67,41,0.198,0.006000000000000005
67,42,0.66,0.044999999999999984
67,43,0.92,0.030000000000000027
67,44,2.12,0.06999999999999984
67,45,3.6,0.30000000000000027
67,46,93,5
67,47,4.6,0.09999999999999964
67,48,192456,180
67,49,14.1,0.02999999999999936
67,50,STABLE,
67,51,216,6
67,52,57780,180.00000000000364
67,53,4896,12.000000000000455
67,54,2406,120
67,55,21.18,0.19000000000000128
67,56,162,23.999999999999986
67,57,29.21,0.1700000000000017
67,58,9.7,0.3000000000000007
67,59,3.14,0.2200000000000002
67,60,1.8,0.40000000000000013
67,61,1,0.30000000000000004
67,62,0.55,0.09999999999999998
67,63,0.0009000000000000001,0.00039000000000000005
68,38,0.02,0.0075
68,39,0.0035,0.003
68,40,0.07740000000000001,0.0022000000000000006
68,41,0.106,0.009000000000000001
68,42,0.296,0.017000000000000015
68,43,0.35000000000000003,0.02099999999999999
68,44,1.75,0.07000000000000006
68,45,2.8,0.1200000000000001
68,46,145.2,3.6000000000000085
68,47,1200,30
68,48,1.0414008e+27,1.262304e+26
68,49,2592,17.999999999999773
68,50,STABLE,
68,51,137484,792
68,52,STABLE,
68,53,7632,35.999999999999545
68,54,72360,360.0000000000073
68,55,352.8,1.8000000000000114
68,56,660,30
68,57,64.8,1.2000000000000028
68,58,51,0.29999999999999716
68,59,4.2,0.2999999999999998
68,60,5,
68,61,2.4,0.8999999999999999
68,63,0.0178,0.001899999999999999
69,39,0.03,0.005000000000000001
69,40,0.056,0.0030000000000000027
69,41,0.08600000000000001,0.005999999999999998
69,42,0.186,0.009000000000000008
69,43,0.271,0.015000000000000013
69,44,0.8,0.050000000000000044
69,45,1.85,0.050000000000000044
69,46,25,2
69,47,237,5
69,48,8964,144
69,49,5,0.5
69,50,STABLE,
69,51,953.4000000000001,2.3999999999999204
69,52,1656288.0000000002,3455.9999999998836
69,53,217.79999999999998,3.6000000000000085
69,54,7488,72
69,55,30.9,0.3999999999999986
69,56,198,17.999999999999986
69,57,54,2
69,58,34,2
69,59,2.85,0.08999999999999986
69,60,6.7,0.40000000000000036
69,61,2.6,0.20000000000000018
69,62,1.2,0.19999999999999996
70,39,0.025,0.004999999999999999
70,40,0.0375,0.0019999999999999983
70,41,0.051000000000000004,0.005500000000000001
70,42,0.12,0.012000000000000004
70,43,0.152,0.007999999999999993
70,44,0.52,0.05000000000000002
70,45,0.99,0.050000000000000044
70,46,11.8,0.40000000000000036
70,47,72.8,1.3500000000000014
70,48,3018,12.000000000000227
70,49,144,6
70,50,STABLE,
70,51,STABLE,
70,52,STABLE,
70,53,47604.6,6.8399999999965075
70,54,5.049216e+21,
70,55,2802,6.000000000000227
70,56,6000,120
70,57,306,5.999999999999972
70,58,235.8,1.1999999999999886
70,59,30,4
70,60,21,3
70,61,6.3,0.7999999999999998
70,62,4,0.2999999999999998
70,65,0.00094,0.00017500000000000008
71,40,0.024,0.005000000000000001
71,41,0.033,0.0075000000000000015
71,42,0.08,0.0020000000000000018
71,43,0.1,0.019999999999999997
71,44,0.318,0.019000000000000017
71,45,0.68,0.05999999999999994
71,46,4.3,0.2999999999999998
71,47,3.76,0.1499999999999999
71,48,161.4,1.2000000000000028
71,49,3.08,0.08000000000000007
71,50,97308,144
71,51,235336.32,17.279999999998836
71,53,360806.4,25.920000000012806
71,54,60839.99999999999,719.9999999999964
71,55,98.39999999999999,1.2000000000000028
71,56,762,24.000000000000057
71,57,310.79999999999995,8.400000000000006
71,58,210,18
71,59,40,4
71,60,25.4,0.8999999999999986
71,61,6.2,0.6000000000000005
71,62,2.89,0.16000000000000014
71,63,0.5,0.19999999999999998
71,64,1.1,0.19999999999999996
72,40,0.03,0.019999999999999997
72,41,0.032,0.004000000000000002
72,42,0.058,0.0019999999999999983
72,43,0.078,0.0020000000000000018
72,44,0.20400000000000001,0.0059999999999999915
72,45,0.44,0.03999999999999998
72,46,1.9,0.10000000000000009
72,47,6,0.5
72,48,50.8,0.21000000000000085
72,49,23.1,0.6000000000000014
72,50,STABLE,
72,51,STABLE,
72,52,STABLE,
72,53,5132764.8,864
72,54,STABLE,
72,55,22500,360
72,56,209952,4319.999999999985
72,57,696,11.999999999999943
72,58,1374,30
72,59,90.6,1.1999999999999957
72,60,94,8
72,61,13.5,2.0999999999999996
72,62,9.5,0.8000000000000007
72,63,1.5,0.19999999999999996
72,64,2.0000000000000002e-7,
73,41,0.017,0.004999999999999999
73,42,0.0455,0.0019999999999999983
73,43,0.057,0.002999999999999999
73,44,0.151,0.0030000000000000027
73,45,0.266,0.02150000000000002
73,46,0.92,0.010000000000000009
73,47,1.23,0.040000000000000036
73,48,13.5,0.3000000000000007
73,49,1.5,0.30000000000000004
73,50,11162879.999999998,34560.00000000093
73,51,5201280,2592
73,52,STABLE,
73,53,1117152,4320
73,54,3140294.4,259.19999999995343
73,55,219.60000000000002,1.2000000000000028
73,56,8028,396
73,57,522,5.999999999999943
73,58,618,18.000000000000057
73,59,96,18.000000000000007
73,60,70,10
73,61,5,
73,62,10.3,0.5
73,63,3.3,0.2999999999999998
73,64,2.2,0.20000000000000018
73,65,2.0000000000000002e-7,
73,66,0.6,0.20000000000000004
73,67,0.006,0.0030000000000000005
74,41,0.023,0.008
74,42,0.032,0.004000000000000002
74,43,0.0445,0.002999999999999999
74,44,0.123,0.04150000000000001
74,45,0.171,0.018000000000000002
74,46,0.492,0.033
74,47,0.78,0.020000000000000018
74,48,5.24,0.03000000000000025
74,49,6.17,0.04999999999999982
74,51,87053533.05600001,7889.39999999851
74,52,STABLE,
74,53,STABLE,
74,54,STABLE,
74,55,115416.00000000001,216.00000000000728
74,56,STABLE,
74,57,3540,120
74,58,12636,395.9999999999991
74,59,390,18
74,60,510,90
74,61,49,3
74,62,47,2
74,63,11,2
74,64,4.7,0.9000000000000001
74,65,1.6,0.19999999999999996
74,67,0.0040999999999999995,0.0002999999999999997
75,42,0.022,0.004999999999999999
75,43,0.03,0.004
75,44,0.0695,0.0020000000000000018
75,45,0.136,0.013499999999999998
75,46,0.28500000000000003,0.023999999999999994
75,47,0.529,0.013000000000000012
75,48,2.1,0.020000000000000018
75,49,3.12,0.08999999999999986
75,50,832896,2591.999999999942
75,51,1067040,5184
75,52,33660,252
75,53,1499.3999999999999,1.2000000000000455
75,54,STABLE,
75,55,1752.6000000000001,2.3999999999999773
75,56,993600,5184
75,57,17280,720
75,58,5820,240
75,59,660,
75,60,744,36
75,61,107,6
75,62,45,1
75,63,12.1,0.5999999999999996
75,64,5.8,0.9000000000000004
75,65,2,0.5
75,66,0.9,0.20000000000000007
75,67,0.4,0.09999999999999998
75,69,0.0000018999999999999998,8.5e-7
76,42,0.019,0.005500000000000001
76,43,22,
76,44,0.045,0.0019999999999999983
76,45,0.151,0.0625
76,46,0.17500000000000002,0.016
76,47,0.3,0.0050000000000000044
76,48,1.25,0.020000000000000018
76,49,2.36,0.040000000000000036
76,50,7258248000000,441806400000
76,51,332640,4320
76,52,7.6053816000000005e+31,1.2307464000000007e+31
76,53,495454320000000,12623040000000
76,54,STABLE,
76,55,837129.6,1382.4000000000233
76,57,14083.199999999999,28.800000000000182
76,58,273024,3456
76,59,1440,60
76,60,3039,19.799999999999955
76,61,144,6
76,62,186,12.000000000000014
76,63,17.9,0.6000000000000014
76,64,15.8,0.39999999999999947
76,65,3.5,0.20000000000000018
76,66,2.3,0.29999999999999993
76,68,2.0000000000000002e-7,
76,69,0.0000031699999999999997,2.000000000000002e-7
77,43,0.021,0.005000000000000001
77,44,0.029,0.002
77,46,0.108,0.0020000000000000018
77,47,0.191,0.027999999999999997
77,48,0.68,0.040000000000000036
77,49,1.53,0.010000000000000009
77,50,7560,144
77,51,32580.000000000004,143.99999999999636
77,52,4194,17.999999999999545
77,53,44496,36
77,54,STABLE,
77,55,559872,518.4000000000233
77,56,332964237.6,347133.59999999404
77,57,387,9.600000000000023
77,58,63720,1080.0000000000036
77,59,786,6
77,60,2310,90
77,61,10,2
77,62,154.2,6
77,63,1.51,0.020000000000000018
77,64,14,4
77,65,0.597,0.017000000000000015
77,66,5.6,1
77,67,0.7,0.09999999999999998
77,68,1,0.30000000000000004
77,69,0.068,0.0030000000000000027
78,43,22,
78,44,0.025,0.0010000000000000009
78,45,0.042,0.004
78,46,0.038,0.028499999999999998
78,47,0.159,0.008000000000000007
78,48,0.515,0.017000000000000015
78,49,1.09,0.010000000000000009
78,50,3544.2,8.399999999999864
78,51,15717.599999999999,93.59999999999945
78,52,9.46728e+31,
78,53,693377.28,51.84000000002561
78,54,STABLE,
78,55,STABLE,
78,56,STABLE,
78,57,70200,720
78,59,4608,108
78,60,18144,324
78,61,249.00000000000003,2.999999999999986
78,62,889.2,7.199999999999932
78,63,40.7,0.7000000000000028
78,64,70.2,0.5999999999999943
78,65,12,1
78,66,9.1,0.40000000000000036
78,67,2.4,0.10000000000000009
78,68,1.7,0.6
78,69,0.58,0.030000000000000027
79,44,0.019,0.002
79,45,0.03,0.002
79,46,0.057,0.010000000000000002
79,47,0.052000000000000005,0.009999999999999998
79,48,0.37,0.07
79,49,0.84,0.05999999999999994
79,50,133.8,2.3999999999999915
79,51,2370,48
79,52,1500,6
79,53,8262,46.79999999999927
79,54,453383.99999999994,43.19999999998254
79,55,65172755.519999996,12623.039999999106
79,56,STABLE,
79,57,592.1999999999999,1.7999999999999545
79,58,32400,1080.0000000000018
79,59,87,3
79,60,1782,30
79,61,9.2,0.1999999999999993
79,62,612,11.999999999999943
79,63,2.34,0.1200000000000001
79,64,39,2
79,65,1,
79,66,6,2
79,67,3.32,0.2200000000000002
79,68,2.5,0.20000000000000018
79,69,0.7,0.19999999999999998
79,70,0.7,0.19999999999999998
79,71,0.045,0.002999999999999999
80,44,0.015,0.003000000000000001
80,45,0.0265,0.002
80,46,0.048600000000000004,0.0012000000000000031
80,47,0.109,0.025
80,48,0.28,0.039999999999999994
80,49,0.611,0.0050000000000000044
80,50,223.20000000000002,4.199999999999989
80,51,1381.8000000000002,2.3999999999999773
80,52,276825.60000000003,1123.1999999999825
80,53,74988,287.9999999999927
80,55,72582480000000,9467280000000
80,56,STABLE,
80,57,1893456000000,631152000000
80,58,2.840184e+21,
80,59,15876,144
80,60,291168,1728
80,61,1254,3.0000000000001137
80,62,4349.4,3
80,63,155.39999999999998,1.2000000000000028
80,64,268.2,3.599999999999966
80,65,30.9,0.6000000000000014
80,66,33.2,0.7000000000000028
80,67,5.8,0.40000000000000036
80,68,4.6,0.20000000000000018
80,69,0.9,0.20000000000000007
80,70,2.0000000000000002e-7,
80,71,0.08059999999999999,0.0020000000000000018
81,45,0.019,0.002999999999999999
81,46,0.038,0.0019999999999999983
81,47,0.058,0.005000000000000001
81,48,0.154,0.0020000000000000018
81,49,0.29,0.020000000000000018
81,50,56,0.5
81,51,167.4,4.199999999999989
81,52,750,18
81,53,3150,12
81,54,32904,72
81,55,1126656,2591.9999999998836
81,56,STABLE,
81,57,3218875200000000000,31557600000000000
81,58,11892182.399999999,1728.0000000009313
81,59,203.4,0.5999999999999943
81,60,8964,107.99999999999909
81,61,40.5,0.5
81,62,525,3.6000000000000227
81,63,10.2,0.09999999999999964
81,64,1380,24
81,65,8,4
81,66,67,7
81,67,2.2,1.1
81,68,4,2
81,69,2.2,0.06000000000000005
81,70,1.6,0.10000000000000009
81,71,0.7,0.09999999999999998
82,45,0.02,0.0135
82,46,0.035,0.002999999999999999
82,47,0.046,0.007000000000000003
82,48,0.162,0.007000000000000006
82,49,0.28,0.030000000000000027
82,50,39.7,0.7999999999999972
82,51,140.39999999999998,2.999999999999986
82,52,2508,47.99999999999977
82,53,23688,108
82,55,949252608,2840184
82,56,STABLE,
82,57,STABLE,
82,58,STABLE,
82,59,STABLE,
82,60,STABLE,
82,61,22896000,604800
82,62,STABLE,
82,63,512352,3456
82,64,4170528.0000000005,7776.000000000233
82,65,5904,108
82,66,198,12.000000000000014
82,67,21.1,0.1999999999999993
82,68,18.5,0.6999999999999993
82,69,4.17,0.11000000000000032
82,70,3.03,0.06000000000000005
82,71,0.9,0.20000000000000007
82,72,2,1
82,73,0.0029,0.0013000000000000002
83,47,0.042,0.005000000000000001
83,48,0.068,0.0030000000000000027
83,49,0.207,0.006000000000000005
83,50,1.46,0.030000000000000027
83,51,0.78,0.06000000000000005
83,52,19,0.1999999999999993
83,53,83.4,1
83,54,229.08,0.7799999999999869
83,55,2004.6,10.800000000000068
83,56,4983.6,16.800000000000182
83,57,145026.72,10.36799999998766
83,58,2808950.4000000004,1123.1999999999534
83,59,68832,144
83,60,STABLE,
83,61,31363200,1209600
83,62,29376000,259200
83,63,398304,2592.000000000029
83,64,137016,431.99999999998545
83,65,3600,60
83,66,252,8.399999999999977
83,67,72,4
83,68,23.5,2
83,69,8,1
83,70,4.2,0.20000000000000018
83,71,1.12,0.08000000000000007
83,72,0.84,0.030000000000000027
83,73,0.14400000000000002,0.024000000000000007
83,74,0.275,0.039999999999999994
84,47,0.035,0.008000000000000002
84,48,0.097,0.009999999999999995
84,49,0.165,0.0030000000000000027
84,50,1.05,0.010999999999999899
84,51,1.679,0.014999999999999902
84,52,17.63,0.0799999999999983
84,53,24.5,0.1999999999999993
84,54,848.4000000000001,4.800000000000011
84,55,556.1999999999999,3.000000000000057
84,56,1101833.28,198.71999999997206
84,57,14112,107.99999999999909
84,59,1172448,1728
84,60,7.2266904e+22,5.049216000000004e+21
84,61,558569520,12623039.99999994
84,62,3250432800000000,157788000000000
84,63,2082240.0000000002,51840.00000000023
84,64,2243745360,37869120.00000024
84,65,14824.800000000001,90.00000000000182
84,66,430.2,3
84,67,35.2,0.10000000000000142
84,68,10.3,0.09999999999999964
84,69,1.48,0.010000000000000009
84,70,0.409,0.0020000000000000018
84,71,0.068,0.0010000000000000009
84,72,0.023,0.0010000000000000009
84,73,0.0101,0.0004000000000000002
84,74,0.00125,0.0002099999999999999
85,47,0.028,0.013500000000000002
85,48,0.057,0.010000000000000002
85,49,0.14,0.0040000000000000036
85,50,0.53,0.020000000000000018
85,51,0.923,0.014000000000000012
85,52,2.49,0.04999999999999982
85,53,6.23,0.03000000000000025
85,54,39.68,0.14000000000000057
85,55,63.7,0.29999999999999716
85,56,1096.2,4.2000000000000455
85,57,5466,30
85,58,118940.40000000001,21.599999999998545
85,59,1036.8000000000002,3.0000000000001137
85,60,STABLE,
85,61,174513528,1577880
85,62,3345105600000000000,34713360000000000
85,63,4708800,43200
85,64,801792,8639.999999999942
85,65,12528,576
85,66,1074,18.000000000000114
85,67,161.8,0.30000000000001137
85,68,37.1,0.20000000000000284
85,69,8.1,0.30000000000000027
85,70,1.793,0.018999999999999906
85,71,0.494,0.01200000000000001
85,72,0.115,0.005999999999999998
85,73,0.055,0.015000000000000003
85,74,0.0073,0.0027
85,75,0.00082,0.00011999999999999999
85,76,0.0006399999999999999,0.000059999999999999995
86,48,0.065,0.015
86,49,0.092,0.010000000000000002
86,50,0.29,0.020000000000000018
86,51,0.492,0.024999999999999994
86,52,1.4,0.39999999999999997
86,53,2.28,0.01100000000000012
86,54,13.6,0.09999999999999964
86,55,24.84,0.1700000000000017
86,56,636,11.999999999999943
86,57,852,5.999999999999943
86,58,24616224.000000004,4320.000000001863
86,59,21542.4,35.99999999999818
86,60,STABLE,
86,61,82788207.84,6311.519999995828
86,62,2.209032e+23,9.46728e+22
86,63,8043839.999999999,34560.000000000466
86,64,56488104000000,2524608000000
86,65,63392.40000000001,50.39999999999782
86,66,8568,72
86,67,120.6,1.7999999999999972
86,68,223.8,5.3999999999999915
86,69,21.6,0.1999999999999993
86,70,26.1,0.6999999999999993
86,71,6.8,1.7999999999999998
86,72,2.85,0.06999999999999984
86,73,0.83,0.18000000000000005
86,74,0.091,0.0049999999999999975
86,75,0.00044,0.000010000000000000026
86,76,0.0021000000000000003,0.00010000000000000005
87,49,0.085,0.009000000000000001
87,50,0.19,0.06
87,51,0.34800000000000003,0.014999999999999986
87,53,0.86,0.040000000000000036
87,54,1.73,0.010000000000000009
87,55,1.684,0.014000000000000012
87,56,14.5,0.3000000000000007
87,57,40.8,0.3999999999999986
87,58,180.6,3.6000000000000085
87,59,1449,10.800000000000068
87,60,948672,864
87,61,463795.2,604.7999999999593
87,62,STABLE,
87,63,1164475440,28401840
87,64,10704960,86400
87,65,63000,360.0000000000073
87,66,23040,359.9999999999982
87,67,705.6,11.399999999999977
87,68,318,18
87,69,83.8,1.7999999999999972
87,70,38.6,1
87,71,10.6,0.3000000000000007
87,72,5.6,0.40000000000000036
87,73,1.55,0.040000000000000036
87,74,0.40900000000000003,0.017999999999999988
87,75,0.107,0.012999999999999998
87,76,0.0055,0.0005999999999999994
87,77,0.00007,0.000009999999999999999
88,49,0.065,0.034999999999999996
88,50,0.14,0.02500000000000001
88,51,0.093,0.0085
88,53,0.43,0.020000000000000018
88,54,1.23,0.020000000000000018
88,55,1.791,0.006999999999999895
88,56,11.5,0.1999999999999993
88,57,24.8,2
88,58,809.4,9.600000000000023
88,59,804,18.000000000000057
88,60,STABLE,
88,61,191088,179.99999999998545
88,62,STABLE,
88,63,5.364792e+25,
88,64,108000000000000,
88,65,202176,863.9999999999854
88,66,94672800000000,47336400000000
88,67,2880,60
88,68,1170,60
88,69,217.79999999999998,5.3999999999999915
88,70,89.4,7.800000000000004
88,71,12.1,1
88,72,13.6,0.1999999999999993
88,74,1.36,0.07000000000000006
88,75,0.39,0.07200000000000001
88,76,0.021,0.0009999999999999992
88,78,0.0003,0.00009999999999999999
89,50,0.13,0.06
89,53,0.222,0.01200000000000001
89,54,0.511,0.006000000000000005
89,55,0.994,0.006000000000000005
89,56,4.31,0.16000000000000014
89,57,6.27,0.09999999999999964
89,58,56.4,1
89,59,137.4,1.2000000000000028
89,60,6220.8,3.5999999999994543
89,61,9712.8,54.00000000000091
89,62,2840184000,252460800
89,63,426564079.2,284018.40000000596
89,64,20770560,86400
89,65,77400,1440
89,66,35640,719.9999999999964
89,67,3360,60
89,68,1119,6.000000000000114
89,69,238.8,3.6000000000000085
89,70,100.19999999999999,5.399999999999999
89,71,36.1,0.29999999999999716
89,72,18.4,0.3999999999999986
89,73,3.57,0.1200000000000001
89,74,2.67,0.10000000000000009
89,75,0.85,0.125
89,76,0.07100000000000001,0.0029999999999999957
89,77,0.0105,0.0021999999999999997
89,78,0.0007800000000000001,0.00016000000000000004
90,53,0.13,0.045000000000000005
90,54,0.388,0.007000000000000006
90,55,0.587,0.0050000000000000044
90,56,2.22,0.06999999999999984
90,57,4.06,0.040000000000000036
90,58,56.8,0.29999999999999716
90,59,135.6,4.199999999999989
90,60,2.8717416e+26,2.2090319999999994e+25
90,61,102240,143.99999999999272
90,62,STABLE,
90,63,STABLE,
90,64,STABLE,
90,65,459648,5183.999999999971
90,66,STABLE,
90,67,756,11.999999999999943
90,68,8244,216
90,69,547.8000000000001,9.600000000000023
90,70,288,12
90,71,77,2
90,72,39.4,0.8999999999999986
90,73,10.6,1.8000000000000007
90,74,6.3,0.20000000000000018
90,75,1.6,0.6000000000000001
90,76,0.20800000000000002,0.0059999999999999915
90,77,0.03,0.001100000000000002
90,78,0.00202,0.00010000000000000015
91,54,0.188,0.0040000000000000036
91,55,0.322,0.0013000000000000234
91,56,0.894,0.010000000000000009
91,57,1.26,0.08000000000000007
91,58,5.3,0.20000000000000018
91,59,6.19,0.16000000000000014
91,60,746.4,4.2000000000000455
91,61,247.20000000000002,4.799999999999997
91,62,166622.4,14.39999999999418
91,63,271426917.6,315576
91,64,STABLE,
91,65,462239.99999999994,8639.99999999997
91,66,29304.000000000004,143.99999999999818
91,67,678,24.000000000000057
91,68,2160,60
91,69,564,18.000000000000057
91,70,252,12
91,71,82.2,1.2000000000000028
91,72,40,0.6000000000000014
91,73,14.2,0.3000000000000007
91,74,5.1,0.5
91,75,2.25,0.20999999999999996
91,76,0.81,0.06000000000000005
91,77,0.222,0.05000000000000002
91,78,0.0069900000000000006,0.00009999999999999983
91,79,0.000286,0.00004500000000000001
91,80,0.000059,0.000026
92,54,0.146,0.0059999999999999915
92,55,0.23,0.0010000000000000009
92,56,0.612,0.017000000000000015
92,57,1.05,0.030000000000000027
92,58,4,0.5999999999999999
92,59,18.9,0.07000000000000028
92,60,684,11.999999999999943
92,61,315,1.1999999999999886
92,62,STABLE,
92,63,149993272.8,441806.40000000596
92,64,STABLE,
92,65,2240589600,220903200
92,66,STABLE,
92,67,1982.9999999999998,6.600000000000023
92,68,102888,324
92,69,1812,48
92,70,1132.2,11.400000000000091
92,71,238.20000000000002,7.800000000000011
92,72,111,8
92,73,31,1.5
92,74,19.2,0.6000000000000014
92,75,5.9,0.2999999999999998
92,76,2.1,0.10000000000000009
92,77,0.57,0.030000000000000027
92,78,0.013800000000000002,0.0004999999999999996
92,79,0.000017,0.000006999999999999999
92,80,0.00023099999999999998,0.000008999999999999988
93,54,0.1,0.07500000000000001
93,55,0.146,0.0059999999999999915
93,56,0.344,0.007000000000000006
93,57,0.59,0.10999999999999999
93,58,1.76,0.06000000000000005
93,59,3.57,0.18000000000000016
93,60,31.6,1
93,61,160.8,4.199999999999989
93,62,1338,12
93,63,1312416,6912
93,64,STABLE,
93,65,5680368000,347133600
93,66,12476160,17279.99999999907
93,67,1536,18.000000000000114
93,68,11556,108
93,69,1302,11.400000000000091
93,70,663,20.999999999999943
93,71,188.4,1.799999999999983
93,72,76,4
93,73,34.4,0.5
93,74,19.9,0.5
93,75,4.4,0.09999999999999964
93,76,3.43,0.14000000000000012
93,77,0.87,0.15000000000000002
93,78,0.0455,0.0024999999999999988
93,79,0.022,0.004999999999999999
93,80,0.0008,0.00007999999999999999
94,56,0.3,
94,58,1.4,0.19999999999999996
94,59,4.28,0.11000000000000032
94,60,25.9,0.1999999999999993
94,61,41.5,0.20000000000000284
94,62,33840,719.9999999999964
94,63,54648,108
94,64,STABLE,
94,65,STABLE,
94,66,STABLE,
94,67,8928,180
94,68,STABLE,
94,69,6516,17.999999999999545
94,70,4548,102
94,71,644.4,5.999999999999943
94,72,406.2,18
94,73,80,4
94,74,50.9,1.8999999999999986
94,75,8.1,0.5
94,76,7.37,0.17999999999999972
94,77,3.2,1
94,78,0.09759999999999999,0.0012999999999999956
94,79,0.0263,0.0011999999999999997
94,80,0.0021000000000000003,0.0012500000000000002
95,59,2.3,0.10000000000000009
95,60,8.9,0.1999999999999993
95,61,26.7,0.10000000000000142
95,62,481.79999999999995,4.200000000000017
95,63,2754,12.000000000000227
95,64,66524.4,14.400000000008731
95,65,6246720,17280.000000000466
95,66,STABLE,
95,67,900,60
95,68,4500,24
95,69,120,6
95,70,594,18.000000000000057
95,71,159,6
95,72,122.99999999999999,2.999999999999993
95,73,120,6
95,74,74,6
95,75,9.2,0.1999999999999993
95,76,8.3,0.1999999999999993
95,77,4.4,0.2999999999999998
95,78,0.382,0.0020000000000000018
95,79,0.139,0.0030000000000000027
95,80,0.0106,0.0004000000000000002
95,81,0.005200000000000001,0.0021999999999999997
96,60,5.06,0.1299999999999999
96,61,10.56,0.09999999999999964
96,62,318,1.8000000000000114
96,63,1086,6.000000000000114
96,65,595296,1727.9999999999418
96,66,STABLE,
96,67,144218232000,788940000
96,68,STABLE,
96,69,108216,108.00000000000728
96,70,204120,360.00000000001455
96,71,3090,60
96,72,1557,12
96,73,294,24.00000000000003
96,74,145.2,2.4000000000000057
96,75,15.2,0.40000000000000036
96,76,19.2,0.8999999999999986
96,77,9,0.8000000000000007
96,78,0.889,0.017000000000000015
96,80,0.020300000000000002,0.0013999999999999985
96,81,0.018000000000000002,0.004999999999999999
96,82,0.00012,0.00013499999999999997
97,61,4.8,0.5
97,62,11.37,0.15000000000000036
97,63,38,4
97,64,219.60000000000002,2.999999999999986
97,65,456,9.000000000000028
97,66,STABLE,
97,67,1740,60
97,68,37296,143.99999999999636
97,69,27720,108
97,70,1050,12
97,71,330,6
97,72,194.4,2.4000000000000057
97,73,405.59999999999997,3.5999999999999943
97,74,142.79999999999998,2.4000000000000057
97,75,55,5
97,76,22.4,0.8999999999999986
97,77,7.9,0.5999999999999996
97,78,2.53,0.06000000000000005
97,79,1.05,0.010000000000000009
97,80,0.11800000000000001,0.008
97,81,0.254,0.010000000000000009
97,82,0.0035,0.0011000000000000003
98,61,1.5,0.19999999999999996
98,62,9.6,0.3000000000000007
98,63,26,3
98,64,504,18.000000000000057
98,65,1170,18
98,66,STABLE,
98,67,STABLE,
98,68,STABLE,
98,69,799200,1728
98,70,STABLE,
98,71,122616.00000000001,179.99999999999272
98,72,57636.00000000001,468
98,73,1398,18
98,74,396,54.00000000000003
98,75,118.8,15.600000000000001
98,76,44,4
98,77,9,2
98,78,6.33,0.15000000000000036
98,79,1.53,0.07000000000000006
98,80,0.2665,0.0023999999999999855
98,81,0.23,0.04000000000000001
98,82,0.0040999999999999995,0.0002999999999999997
99,62,4.8,0.40000000000000036
99,63,10.6,1
99,64,68,3
99,65,180,6
99,66,8402.4,3.5999999999994543
99,67,96566.40000000001,43.200000000004366
99,68,STABLE,
99,69,8043839.999999999,17280.000000000466
99,70,2766355.2,432.00000000023283
99,71,173836.8,1728
99,72,43560,1440
99,73,2208,17.999999999999773
99,74,456,12.000000000000028
99,75,144,2.4000000000000057
99,76,84,6.000000000000007
99,77,8.6,0.40000000000000036
99,78,10.6,0.40000000000000036
99,79,2.6,0.5
99,80,1.05,0.030000000000000027
99,81,1.09,0.010000000000000009
99,82,0.036000000000000004,0.0019999999999999983
100,62,2.4,0.5
100,63,7.7,0.3999999999999999
100,64,45,3
100,65,126.6,6
100,66,293760,359.9999999999709
100,67,10810.800000000001,64.79999999999927
100,68,STABLE,
100,69,STABLE,
100,70,STABLE,
100,71,711936,2591.999999999942
100,72,59012712,946728.0000000037
100,73,11304,468
100,74,1992.0000000000002,126.00000000000023
100,75,353.4,3
100,76,216,29.999999999999986
100,77,30,2
100,78,20.7,0.6999999999999993
100,79,7.1,0.2999999999999998
100,80,2.59,0.009999999999999787
100,81,3.2,0.2999999999999998
100,82,0.055,0.0049999999999999975
101,63,4.2,0.20000000000000018
101,64,10.3,1.5999999999999996
101,65,25.1,2.1000000000000014
101,66,372,4.800000000000011
101,67,179.4,4.199999999999989
101,68,811468.7999999999,1555.2000000000698
101,69,11111040,25920.00000000093
101,70,STABLE,
101,71,578880,2592
101,72,84960,360.0000000000073
101,73,4104,288.0000000000002
101,74,2112,36.00000000000023
101,75,318,18
101,76,180,12
101,77,12,2
101,78,21.2,0.3999999999999986
101,79,8.4,0.5999999999999996
101,80,3.6,0.10000000000000009
101,81,3.1,
101,82,0.535,0.030000000000000027
101,83,0.013000000000000001,0.002
102,63,2.3,0.20000000000000018
102,64,4.8,1
102,65,19.4,2.6999999999999993
102,66,522,18.000000000000057
102,67,283.2,6
102,68,STABLE,
102,69,60590592,315576
102,70,STABLE,
102,71,43233912,315576
102,72,6.31152e+22,1.2623039999999998e+22
102,73,37800,720
102,74,9000,360
102,75,840,60
102,76,300,24
102,77,79,1
102,78,56,3
102,79,13.7,1.4000000000000004
102,80,10.83,0.0600000000000005
102,81,6.9,0.7000000000000002
102,82,0.49,0.024999999999999994
102,83,0.000058,0.000004000000000000002
102,84,0.000028,0.000011
103,63,1.7,0.30000000000000004
103,65,8.2,1.3000000000000003
103,66,39,8
103,67,165.6,2.999999999999986
103,68,27057.6,7.199999999998909
103,69,228960,720.0000000000146
103,70,STABLE,
103,71,104455656,1577880
103,72,6048000,172800
103,73,29124,180.00000000000364
103,74,7920,120
103,75,792,11.999999999999943
103,76,390,18
103,77,90,6
103,78,52,2.200000000000003
103,79,15.5,0.40000000000000036
103,80,9.4,0.6999999999999993
103,81,10.1,0.5
103,82,6.3,0.40000000000000036
103,83,0.0148,0.0008000000000000004
103,84,0.0014,0.00025
104,67,53,2
104,68,177480,1800
104,69,29664,288
104,70,STABLE,
104,71,STABLE,
104,72,STABLE,
104,73,203616,216.00000000001455
104,74,1866240.0000000002,25920.000000000116
104,75,1170,6
104,76,1290,24
104,77,294,9.000000000000028
104,78,160.2,7.200000000000003
104,79,42.8,1
104,80,30.87,0.26000000000000156
104,81,19.5,0.5
104,82,4.82,0.03000000000000025
104,83,0.037,0.0019999999999999983
104,84,0.000275,0.000029999999999999997
105,67,25,3
105,68,84,6.000000000000007
105,69,324,5.999999999999972
105,70,361583.99999999994,86.40000000005239
105,71,1186565760000000000,22090320000000000
105,72,STABLE,
105,73,558.6,1.7999999999999545
105,74,2223,9.599999999999682
105,75,147.6,1.799999999999983
105,76,6300,180
105,77,900,60
105,78,43,5
105,79,20.6,0.8999999999999986
105,80,49.1,1
105,81,27.5,1
105,82,15.2,0.3000000000000007
105,83,0.265,0.015000000000000013
105,84,0.0035,0.0005
106,68,192,12.000000000000014
106,69,912,30
106,70,STABLE,
106,71,574300.8,345.5999999999767
106,72,STABLE,
106,73,57434832,946728
106,74,2.0828016e+25,
106,75,71640,2519.9999999999927
106,76,78624,720
106,77,3480,360
106,78,1038,12
106,79,255,3.599999999999966
106,80,82.8,3.6000000000000014
106,81,51,
106,82,25.1,0.10000000000000142
106,83,0.674,0.01100000000000001
106,84,0.00246,0.0000499999999999997
106,85,0.0017,0.0008
107,68,72,18.000000000000004
107,69,114,6.000000000000007
107,70,6879.6,10.799999999999727
107,71,1704,11.999999999999886
107,72,STABLE,
107,73,29354.4,21.600000000000364
107,74,10471680,17280
107,75,231120,1800
107,76,46800,1800
107,77,11124,107.99999999999909
107,78,4254,144.00000000000045
107,79,642,30
107,80,114,18.000000000000007
107,81,71,2
107,82,39,8
107,83,6.3,0.09999999999999964
107,84,0.022,0.0009999999999999992
107,85,0.0115,0.0005999999999999998
107,86,0.00115,0.00027000000000000006
108,69,90,6
108,70,4440,180
108,71,16524,215.99999999999818
108,72,STABLE,
108,73,STABLE,
108,74,STABLE,
108,75,6048000,120960.00000000093
108,77,51840,360
108,78,7488,179.99999999999955
108,79,504,18.000000000000057
108,80,195,9
108,81,138,12.000000000000014
108,82,71,1
108,83,12.4,0.3000000000000007
108,84,0.032200000000000006,0.0002999999999999982
108,85,0.028,0.0045000000000000005
108,86,0.0007800000000000001,0.00016000000000000004
109,70,480,24
109,71,342,5.999999999999972
109,72,3662496,5184.000000000233
109,73,9913536,10368
109,74,2.1143592e+28,
109,75,3058560,60480.00000000023
109,76,8087039.999999999,43200
109,77,59904,108.00000000000364
109,78,8460,107.99999999999909
109,79,530.4,3.6000000000000227
109,80,456,5.999999999999972
109,81,156,18.000000000000014
109,82,79.80000000000001,4.800000000000004
109,83,34.6,0.8999999999999986
109,84,0.245,0.010999999999999996
109,85,0.31,0.008000000000000007
109,86,0.006,0.0025000000000000005
110,70,144,30
110,71,210,18
110,72,280862640000000,2840184000000
110,73,440639.99999999994,8639.99999999997
110,74,STABLE,
110,75,STABLE,
110,76,6.31152e+22,3.4713359999999997e+22
110,77,37800,1080
110,78,881279.9999999999,25920.00000000006
110,79,1722,18
110,80,1200,30
110,81,313.2,9.600000000000023
110,82,210,6
110,83,63.6,2.9999999999999964
110,84,0.392,0.0040000000000000036
110,85,0.29,0.01999999999999999
110,86,0.0044,0.0010999999999999998
110,87,0.0006,0.0016500000000000002
111,71,120,12
111,72,3664.8,7.2000000000000455
111,73,31319.999999999996,359.9999999999982
111,74,6488639.999999999,25919.999999999534
111,75,321287.04,43.20000000001164
111,76,STABLE,
111,77,149400,1800
111,78,39132,431.99999999999636
111,79,2568,60
111,80,2940,600
111,81,576,24
111,82,348,12
111,83,95,3
111,84,4.64,0.08999999999999986
111,85,0.388,0.007000000000000006
111,86,0.054,0.005999999999999998
111,87,0.015,0.003000000000000001
112,71,58,4
112,72,14832,179.9999999999991
112,73,2964,90
112,75,1366444080000000000,22090320000000000
112,76,STABLE,
112,77,1140480,8640
112,78,20512440000000000000,946728000000000000
112,79,11448,288
112,80,17460,720.0000000000018
112,81,1296,48.000000000000114
112,82,642,35.99999999999994
112,83,183,4
112,84,5.8,0.20000000000000018
112,85,0.388,0.006000000000000005
112,86,0.065,0.0030000000000000027
112,87,0.0045000000000000005,0.0021999999999999997
113,71,19,2
113,72,210,35.999999999999986
113,73,630,18
113,74,86400,14.400000000008731
113,75,61210.8,10.799999999999272
113,76,STABLE,
113,77,1017792,8639.999999999942
113,78,244512,1728
113,79,17784,323.9999999999982
113,80,13680,539.9999999999991
113,81,1980,30
113,82,900,
113,83,308,12
113,84,84,16
113,85,4.2,0.20000000000000018
113,86,0.59,0.030000000000000027
113,87,0.049,0.004
113,88,0.0016,0.004200000000000001
114,72,156,72.00000000000001
114,73,138,36.00000000000001
114,74,6028992,4320
114,75,87480,1439.9999999999927
114,76,STABLE,
114,77,STABLE,
114,78,STABLE,
114,79,63539.99999999999,539.9999999999964
114,80,14011574400,2429935200
114,81,4176,180.00000000000023
114,82,2220,180
114,83,559.8,30
114,84,105.6,1.4400000000000048
114,85,6.92,0.1299999999999999
114,86,1.03,0.15499999999999997
114,87,0.062,0.005000000000000001
114,88,0.0038,0.0010499999999999997
115,72,2.7e-7,8.000000000000003e-8
115,73,19.6,2
115,74,642,30
115,75,186,18.000000000000014
115,76,1330560,8640
115,77,6378825.6,950.3999999994412
115,78,1577880000,189345600
115,79,136872,360.00000000001455
115,80,37908,107.99999999999636
115,81,6624,108
115,82,486,102.00000000000003
115,83,618,18.000000000000057
115,84,328.2,9
115,85,43,1
115,86,7,0.40000000000000036
115,87,0.372,0.01200000000000001
115,88,0.031,0.013000000000000001
116,74,1800,90
116,75,588,30
116,76,STABLE,
116,77,STABLE,
116,78,STABLE,
116,79,16071264,5184.000000000931
116,80,STABLE,
116,81,10224,144
116,82,2.4,
116,83,1620,60
116,84,690.6,4.800000000000011
116,85,85.2,1.5999999999999943
116,86,9.7,0.09999999999999964
116,87,0.55,0.010000000000000009
116,88,0.057,0.008
116,89,0.02,0.053000000000000005
117,73,5.3,0.7000000000000002
117,75,16,1
117,76,108396,36.000000000007276
117,77,69408,467.9999999999927
117,78,STABLE,
117,79,532820.16,51.84000000002561
117,80,230904,180
117,81,19080,1800
117,82,5400,600
117,83,2184,30
117,84,936,6
117,85,184,1
117,86,44,2
117,87,1.8,0.30000000000000004
117,88,0.21,0.05
117,89,0.022,0.006999999999999999
118,76,189345600,6311520
118,77,8244,612
118,78,STABLE,
118,79,STABLE,
118,80,STABLE,
118,81,26712,288
118,82,77400,1440
118,83,6180,180
118,84,2676,24
118,85,444,12.000000000000028
118,86,74.5,1.4000000000000057
118,87,3.97,0.039999999999999813
118,88,0.24,0.020000000000000004
118,89,0.027,0.008499999999999999
118,90,0.0017,0.0011500000000000002
119,73,2.2,0.7000000000000002
119,75,5,1
119,76,540,
119,77,52,1
119,78,71609.40000000001,6.8399999999965075
119,79,232770.24000000002,17.279999999998836
119,80,STABLE,
119,81,93960,360.0000000000073
119,82,33588,108
119,83,6156,144
119,84,2202,30
119,85,547.1999999999999,6.599999999999966
119,86,170,4
119,87,16,
119,88,1.35,0.17499999999999993
119,89,0.095,0.020000000000000004
119,90,0.0025,0.0012000000000000003
120,75,6,1
120,76,2094,12.000000000000227
120,77,348,30
120,78,STABLE,
120,79,271209.6,604.7999999999884
120,80,STABLE,
120,81,262837.44,146.88000000000466
120,82,1656774000000,88361280000
120,83,42336,180
120,84,12668.4,43.19999999999982
120,85,1614,48.000000000000114
120,86,340.2,10.199999999999989
120,87,14.8,0.09999999999999964
120,88,1.3,0.19999999999999996
120,89,0.087,0.010500000000000002
120,90,0.016,0.004
121,75,3,1.5
121,76,168,36.000000000000014
121,77,8,1
121,78,1848,12.600000000000023
121,79,2904,17.999999999999773
121,80,STABLE,
121,81,1063584,6912
121,82,186912,108
121,83,40392,360
121,84,6264,288
121,85,1836,48.000000000000114
121,86,555,10.200000000000045
121,87,59.1,0.29999999999999716
121,88,4.6,0.20000000000000018
121,89,0.35,0.04999999999999999
121,90,0.037,0.0195
121,91,0.0050999999999999995,0.004
122,77,6,4.5
122,78,45360,1080.0000000000036
122,79,1560,48
122,80,STABLE,
122,81,STABLE,
122,82,4.418064e+24,
122,83,1322784,3455.9999999998836
122,84,760320.0000000001,8639.999999999942
122,85,6516,108
122,86,1461,8.399999999999977
122,87,50.5,0.7000000000000028
122,88,3.7,0.20000000000000018
122,89,0.21,0.03
122,90,0.0317,0.0013000000000000008
122,91,0.0053,0.0028000000000000004
123,76,5,3
123,78,150,6
123,79,28.4,1.1999999999999993
123,80,4025721.6,1036.8000000000466
123,81,119382400.8,378691.200000003
123,82,545946480000000,22090320000000
123,83,539395.2000000001,259.20000000001164
123,84,20880,71.99999999999818
123,85,5868,108.00000000000045
123,86,1728,60
123,87,190.8,3.5999999999999943
123,88,13,2
123,89,0.93,0.050000000000000044
123,90,0.14400000000000002,0.021000000000000005
123,91,0.017,0.003
124,76,6,3.5
124,78,158400,54000
124,79,60,6
124,80,STABLE,
124,81,STABLE,
124,82,STABLE,
124,83,995642280,1262304
124,84,91453924.8,63115.19999999553
124,85,19512,180
124,86,8640,360
124,87,186,1.2000000000000028
124,88,13,0.1999999999999993
124,89,0.738,0.016000000000000014
124,90,0.08700000000000001,0.010000000000000002
124,91,0.014,0.002
124,92,0.0045000000000000005,0.00315
125,77,11,3
125,78,10,3
125,79,39.8,0.8999999999999986
125,80,308.4,5.399999999999977
125,81,252.12,0.6600000000000108
125,82,STABLE,
125,83,11613196800000,126230400000
125,84,3913142400,94672800
125,85,29160,1440.0000000000018
125,86,52560,719.9999999999964
125,87,1200,36
125,88,0.0027300000000000002,0.000049999999999999914
125,89,8.2,0.19999999999999973
125,90,1.2,0.19999999999999996
125,91,0.15,0.05
125,92,0.016,0.013499999999999998
126,78,10.3,1.4000000000000004
126,79,32.5,1.3999999999999986
126,80,499.20000000000005,4.200000000000017
126,81,286.2,1.8000000000000114
126,82,STABLE,
126,83,6.3430776e+26,2.5246080000000013e+25
126,84,11955686.4,172.80000000074506
126,85,25970.4,25.19999999999709
126,86,1434,71.99999999999989
126,87,34.82,0.14000000000000057
126,88,2.46,0.029999999999999805
126,89,0.17,0.010000000000000009
126,90,0.026000000000000002,0.00020000000000000052
126,91,0.0036000000000000003,0.0008000000000000001
126,92,0.00051,0.00009000000000000002
127,79,40,15
127,80,174,12.000000000000014
127,81,183.18,0.23999999999999488
127,82,11642.4,25.200000000000728
127,83,433036.8,431.9999999999709
127,84,0.516,0.0030000000000000027
127,85,0.314,0.0020000000000000018
127,86,0.0195,0.00010000000000000113
127,87,0.005,0.0004999999999999996
127,88,0.00166,0.000020000000000000052
127,89,0.00043999999999999996,0.000015999999999999982
127,90,0.000241,0.000005000000000000013
127,91,0.000113,0.000009999999999999992
127,92,0.000042,0.000023499999999999995
128,80,2460,270
128,81,129.72,0.4200000000000159
128,82,700578720,6942672
128,83,128.4,1.20000000000001
128,84,2.9899999999999996e-7,1.9999999999999914e-9
128,85,1.2500000000000002e-7,5.999999999999994e-9
128,86,2.7e-7,2.000000000000002e-8
128,87,8.6e-8,4.9999999999999985e-9
128,88,1.8200000000000002e-7,1.000000000000001e-8
128,89,6.900000000000001e-8,4.000000000000003e-9
128,90,1.17e-7,9.000000000000008e-9
128,91,5.3000000000000005e-8,1.0000000000000004e-8
129,80,36,5.5
129,81,78,1.8000000000000043
129,82,2166,12.000000000000227
129,83,3633,3.6000000000001364
129,84,0.00000372,2.000000000000002e-8
129,85,5.58e-7,1.000000000000001e-8
129,86,0.0000022999999999999996,1.000000000000001e-7
129,87,7.000000000000001e-7,2.000000000000002e-8
129,88,0.0000016,1.9999999999999989e-7
129,89,0.00000108,8.999999999999999e-8
129,90,0.00000105,3.000000000000003e-8
129,91,7.799999999999999e-7,1.6e-7
129,92,6.6e-7,1.3999999999999998e-7
130,81,88,37.5
130,82,38304,36
130,83,2736.6,3.6000000000001364
130,84,0.0001636,3.000000000000073e-7
130,85,0.0001,0.000020000000000000005
130,86,0.000044999999999999996,0.0000049999999999999996
130,87,0.000018999999999999998,0.000003
130,88,0.0000252,3.000000000000005e-7
130,89,0.0000118,0.0000015
130,90,0.000009699999999999999,5.999999999999993e-7
130,91,0.0000059,0.0000017000000000000002
130,92,0.0000047,2.000000000000002e-7
131,82,612,18.000000000000057
131,83,1194,23.999999999999886
131,84,0.001781,0.000003999999999999989
131,85,0.0003,0.00002999999999999997
131,86,0.00054,0.00005000000000000002
131,87,0.001,0.0006000000000000001
131,88,0.01,0.0030000000000000005
131,89,0.0264,0.0001999999999999988
131,90,0.00168,0.00006000000000000005
131,91,0.0029,0.0005
131,92,0.000018,0.0000075
132,81,101,
132,82,1623.6,4.2000000000000455
132,83,456,12.000000000000028
132,84,0.145,0.0020000000000000018
132,85,0.032299999999999995,0.0003999999999999976
132,86,0.035,0.005000000000000001
132,87,0.02,0.0019999999999999983
132,88,0.018000000000000002,0.002
132,89,0.052000000000000005,0.0019999999999999983
132,90,0.0028,0.0002999999999999999
132,91,0.0050999999999999995,0.0005999999999999994
132,92,0.00084,0.00031
132,93,0.0036000000000000003,0.005150000000000001
133,82,147,12
133,83,135,3
133,84,1.53,0.050000000000000044
133,85,1.5,0.30000000000000004
133,86,3.96,0.009999999999999787
133,87,27.4,0.3000000000000007
133,88,28,2
133,89,5,0.5
133,90,0.6,0.020000000000000018
133,91,0.846,0.020000000000000018
133,92,0.095,0.015
133,93,0.035,0.009999999999999998
134,83,98.5,0.7999999999999972
134,84,185.88,0.7199999999999989
134,85,56,3
134,86,55.6,0.10000000000000142
134,87,286.1,1
134,88,38,0.5
134,89,126,2.999999999999993
134,90,1.04,0.020000000000000018
134,91,1.7,0.19999999999999996
134,92,0.268,0.009000000000000008
134,93,0.51,0.060000000000000026
134,94,1.1,1.25
135,83,33,1
135,84,620,
135,85,222.6,2.4000000000000057
135,86,1500,120
135,87,852,18.000000000000057
135,88,987552,4320.000000000058
135,89,10008,611.9999999999991
135,90,525,2.3999999999999773
135,91,108,12
135,92,66,6.000000000000007
135,93,61.4,1.3999999999999986
135,94,67,30
135,95,17,
136,83,22,7
136,85,138,12.000000000000014
136,86,330350.4,25.920000000012806
136,87,1320,4.2000000000000455
136,88,313796.16,198.72000000000116
136,89,857088,259.20000000001164
136,90,1834.2,6.000000000000114
136,91,2298,17.999999999999773
136,92,546,11.999999999999943
136,93,240,12
136,94,102,10
137,84,112,43
137,85,54,10
137,86,1458,23.999999999999886
137,87,199.8,6
137,88,1287360,17280
137,89,105732,432
137,90,1615420.7999999998,604.800000000163
137,91,79200,3600
137,92,3480,180
137,93,276,17.99999999999997
137,94,516,30
137,95,79,2
137,96,23,9.5
137,97,140,95
138,84,550,430
138,85,50,7
138,86,6420,180
138,87,237,8.399999999999991
138,88,50492160000,220903200
138,89,687072067.1999999,94672.80000001192
138,90,60353910,28401.839999996126
138,91,129600,4320
138,92,20.8,
138,93,2928,12.000000000000227
138,94,2027.9999999999998,42.00000000000023
138,95,192,47.999999999999986
138,96,51,12
139,85,78,198
139,86,279.6,2.4000000000000057
139,87,49,1
139,88,2532,30
139,89,22140,71.99999999999818
139,90,250314883200,883612800
139,91,1503359.9999999998,43200
139,92,362880,8639.99999999997
139,93,882,18.000000000000057
139,94,1254,23.999999999999886
139,95,139.2,4.800000000000011
139,98,0.8,0.19999999999999996
140,86,444,5.999999999999972
140,87,148.20000000000002,1.799999999999983
140,88,181456200,946728
140,89,3762,30
140,90,2379443040000,9467280000
140,91,1033826976000,3471336000
140,92,2174318640,12623040.000000238
140,93,2172,6.000000000000227
140,94,31680.000000000004,359.9999999999982
140,95,618,35.99999999999994
140,97,60,
140,98,0.0211,0.0013000000000000008
141,86,20.2,0.3999999999999986
141,87,38,1
141,88,240,12
141,89,122,3
141,90,91872,36
141,91,114048,1728
141,92,5023969920000,6311520000
141,93,380160.00000000006,8639.99999999997
141,94,1518,30
141,95,216,12.000000000000014
141,97,144,5
141,98,39,24.5
141,100,0.00073,0.00006000000000000005
142,86,65,2
142,87,50.2,2
142,88,5580,120
142,89,450,6
142,90,441806400000000000,3155760000000000
142,91,2330640,1123.2000000001863
142,92,7747390800000,18934560000
142,93,34223040,103680
142,94,90191620.8,252460.80000000447
142,95,4416,47.999999999999545
142,96,7920.000000000001,1439.9999999999995
142,98,64,9
142,99,8,5.5
143,86,12,1.25
143,87,19.1,0.5
143,88,104,1
143,89,119,5
143,90,1309.8,2.3999999999999773
143,91,24120,180
143,92,22216550400000000,31557600000000
143,93,4828312800000,157788000000
143,94,3943296,3456
143,95,5880,120
143,96,9720,2879.9999999999995
143,97,288,48
143,98,226.79999999999998,41.999999999999986
143,99,17.8,1.6000000000000014
143,100,0.231,0.009000000000000008
144,87,17.6,0.6000000000000014
144,88,252,47.999999999999986
144,89,145,10
144,90,2082240.0000000002,2592.0000000001164
144,91,1464,11.999999999999886
144,92,739078992000000,1262304000000
144,93,67659494400000,220903200000
144,94,2767601520,3155759.9999997616
144,95,42840,360
144,96,2332800,86400
144,97,276,24.00000000000003
144,98,209.4,7.200000000000003
144,99,21,2
144,100,0.0031200000000000004,0.00007999999999999999
144,101,0.0009000000000000001,0.00024999999999999995
145,87,5.5,0.5999999999999996
145,88,30,5
145,89,44,7
145,90,426,12.000000000000028
145,91,546,6
145,92,583200,864
145,93,182908.8,172.7999999999738
145,94,760853736000,946728000
145,95,182880,1079.9999999999854
145,96,2833919.9999999995,17280.000000000233
145,97,420,78.00000000000003
145,98,642,30
145,99,37,4
145,100,4.2,1.2999999999999998
145,101,0.9,0.20000000000000007
146,87,0.9,0.09999999999999998
146,88,30,10
146,89,62,4
146,90,2238,90
146,91,522,11.999999999999943
146,92,140999356800000000,189345600000000
146,93,203558.4,259.20000000001164
146,94,207049413600,220903200
146,95,13651817760,18934560.000000954
146,96,14065920.000000002,17279.99999999907
146,97,16200,720
146,98,1164,36.000000000000114
146,99,66,6.000000000000007
146,100,1.54,0.040000000000000036
146,101,1.2,0.10000000000000009
147,89,72,189.00000000000003
147,90,282,36.00000000000004
147,91,136.79999999999998,6
147,92,1407,1.1999999999999318
147,93,3714,12.000000000000227
147,94,452188850.40000004,915170.400000006
147,95,57672,72
147,96,918326160,3155760.0000000596
147,97,15659.999999999998,540.0000000000009
147,98,2700,90
147,99,450,30
147,100,31,1
147,101,13,9.5
148,90,564,120
148,91,6480,1800
148,92,50760,360
148,93,834,11.999999999999943
148,94,375000,
148,95,232390166400,694267200
148,96,571192560,3155760.0000000596
148,97,427680,2592.000000000029
148,98,128520.00000000001,1800
148,99,273,15.599999999999994
148,100,34.5,0.20000000000000284
148,101,21.7,2
148,102,0.0000042,0.00000105
149,93,132,12.000000000000014
149,94,17841.600000000002,10.800000000001091
149,95,36360,360
149,96,265809664800,2335262400
149,97,155520,1728
149,98,11196,107.99999999999909
149,99,1440,180
149,100,156,42.000000000000014
149,101,25,7.5
149,102,0.8,0.010000000000000009
149,103,0.36,0.09
149,104,0.000048,0.0000135
150,92,1008,30
150,93,111,8.999999999999993
150,94,2524608000000000,28401840000000
150,95,7379.999999999999,35.99999999999909
150,96,148510065600,1262304000
150,97,43549488000,7889400000
150,98,28814400,241920
150,99,6132,35.999999999999545
150,100,1800,180
150,101,256.2,15.59999999999998
150,102,2.44,0.040000000000000036
150,103,0.57,0.06499999999999995
150,104,0.000023,0.000003
150,105,1.6,0.5
151,93,137.4,9.600000000000001
151,94,37800,360
151,95,2340,180
151,96,492298560000000,15778800000000
151,98,11076717600,63115200
151,99,30960,359.9999999999982
151,100,19080,288
151,101,138,47.99999999999999
151,102,97.2,8.999999999999993
151,103,18.4,1.8000000000000007
151,104,1.68,0.09000000000000008
151,105,1.6,0.4
152,94,936576,1728
152,95,1380,78
152,96,10982044800000,189345600000
152,97,28512000,345600
152,98,412773408,2840184
152,99,118800,3600
152,100,91404,144
152,101,360,450
152,102,51,10
152,103,31.1,1.299999999999999
152,104,0.00667,0.00009999999999999983
152,105,2.3,0.20000000000000018
152,106,0.0029,0.0010000000000000005
153,94,196128,19872
153,95,600,
153,96,3849.0000000000005,1.7999999999999545
153,97,11563.2,18
153,98,28338724800,1388534400
153,99,40754880,164160
153,100,259200,10368
153,101,1680,480
153,102,211.2,12.600000000000009
153,103,27,3
153,104,4.4,0.5499999999999998
153,105,4.2,0.3500000000000001
153,106,0.29,
153,107,0.035,0.013999999999999999
154,96,261928080000,
154,97,3336,66
154,98,83469852,252460.79999999702
154,99,1768608,2592.0000000001164
154,100,11664,7.199999999999818
154,101,1620,120
154,102,2.91,0.04999999999999982
154,103,4,
154,104,0.0147,0.0006499999999999987
154,105,0.51,0.16000000000000003
154,106,0.00495,0.00033
154,107,0.011800000000000001,0.003150000000000001
155,96,1008,11.999999999999943
155,98,1538784,6911.999999999884
155,99,23820480,43200
155,100,72252,252
155,101,4620,120
155,102,24.5,0.5
155,103,4.1,0.2999999999999998
155,104,2.4,0.3999999999999999
155,105,1.52,0.1299999999999999
155,106,0.178,0.013999999999999999
155,107,0.022,0.004
155,108,0.00074,0.00034499999999999993
156,98,5227200,17280
156,99,3438719.9999999995,103680.00000000023
156,100,9456,78.00000000000091
156,101,19872,179.99999999999818
156,102,0.0012,0.00019999999999999998
156,103,6.2,0.2999999999999998
156,104,0.021,0.0009999999999999992
156,105,1.8,0.40000000000000013
156,106,0.006900000000000001,0.0028000000000000004
156,108,0.0008,
157,98,5100,1080
157,99,1524,143.9999999999999
157,100,8683200,17280
157,101,4449600,25920
157,102,3480,300
157,103,180,30
157,104,68,3
157,105,35,5
157,106,1,0.19999999999999996
157,107,0.44,0.38
157,108,0.0019,0.0002000000000000002
157,109,0.0017,0.0017000000000000001
157,110,0.0000028,0.000006700000000000001
158,98,738,71.99999999999994
158,99,665280,17280
158,100,0.00037,0.00004299999999999999
158,101,5760,2160.0000000000005
158,102,0.106,0.008
158,103,2340,720
158,104,2.3,0.3999999999999999
158,105,27,8.5
158,106,0.037,0.019
158,107,0.9,0.5
158,108,0.0023,0.0009500000000000001
159,100,1.5,0.30000000000000004
159,101,2747520,43199.99999999977
159,103,14400,
159,104,600,120
159,106,14.4,3.1000000000000005
159,107,1.7,4.5
159,108,0.052000000000000005,0.010500000000000002
159,109,0.021,0.006500000000000001
159,110,0.000179,0.00012550000000000001
160,100,0.004,
160,102,0.005,
160,106,21,16
160,107,17,10
160,108,0.4,1
160,110,0.0001,0.00009000000000000002
161,104,60,45
161,108,9.7,4.800000000000001
161,109,0.005,0.00135
161,110,0.00163,0.00022999999999999995
161,111,0.0038,0.0011000000000000003
162,105,73,
162,108,22,
163,103,39600,46800
163,105,115200,32400
163,106,186,144.00000000000003
163,107,60,160
163,110,0.00017,0.000115
163,111,0.0064,0.01545
165,105,3600,4140.000000000001
165,106,144,158.99999999999997
165,107,10,8
165,108,0.76,0.475
165,109,0.44,0.49
165,113,0.00024,0.00119
166,109,0.0097,0.023200000000000005
167,107,54,138.00000000000003
167,108,0.15,0.16500000000000004
167,109,0.72,0.5599999999999999
167,110,0.0040999999999999995,0.0024999999999999996
167,111,0.004200000000000001,0.0046500000000000005
168,109,5,5.5
168,111,0.17,0.44500000000000006
169,108,0.003,0.008
169,109,8,20.5
169,110,0.18,0.039999999999999994
169,111,3.6,2.8000000000000003
169,112,0.13,0.08
169,113,0.07,0.08
170,111,17,4.5
170,112,0.0005,0.00017000000000000007
170,113,0.1,0.247
170,114,0.0025,0.0013
171,110,13,4
171,111,0.5,1.35
171,112,4,1
171,113,0.48,0.37500000000000006
171,114,0.15,0.09500000000000003
172,112,0.101,0.03150000000000001
172,113,5.5,3.4
172,114,0.16,0.05
172,115,32,
173,112,30,20
173,113,20,51.5
173,114,0.51,0.13999999999999996
173,115,87,
174,114,0.52,0.175
174,115,0.22,0.16999999999999998
174,116,0.015,0.016
175,114,0.97,0.645
175,115,0.016,0.041499999999999995
175,116,0.0063,0.005900000000000002
176,116,0.018000000000000002,0.011000000000000001
176,117,0.014,0.007500000000000001
177,116,0.053,0.0405
177,117,0.08,0.20500000000000002
